ID,Progress,Duration__in_seconds_,age,"sex (1=male, 2=female) ",shared_data_in_past,shared_data_in_future,likeliness_current_system,allowed_to_share,legal_constraints,Bnoquestions_secondary_res,Bpreparing_time,Bunfair_do_own_work,Bdata_too_big,Bdata_too_complex,Bdata_not_important,Bno_recognition_footnote,Bno_recognition_citation,Bno_recognition_coauthor,Bnever_learned,Bnever_thought_about_sharing,Bno_common_practice,Bcommercialize_data,Bprefer_upon_request,Bno_suitable_place,Bothers_control_intellectualprop,Bothers_alternative_analyses,Bothers_errors_discovered,Bothers_scooped,Bothers_misinterpret,Bothers_unintended_purposes,Bself_control_intellectualprop,Bself_alternative_analyses,Bself_errors_discovered,Bself_scooped,Bself_misinterpret,Bself_unintended_purposes,Cminimal_effort,Cminimal_time,Ceasy_to_understand,Crecognition_footnote,Crecognition_citation,Crecognition_coauthor,Csame_prestige,Csomeone_shows_me,Csuitable_place,Cfirst_rights_publish,Ctrust_requestor,Cdetermine_conditions,Cfunder_requires,Cfunder_encourages,Cjournal_requires,Cjournal_encourages,Cinstitution_requires,Cinstitution_encourages,Ccommunity_expects,Cfinancial_reward,Cgrants_increased_ifshared,Cgrants_decreased_ifnotshared,desirable_researchfield,desirable_currentproject,profit_researchfield,profit_currentproject,main_benefit
1,100,239,30,1,0,4,8,1,NA,1,1,1,1,1,1,1,1,1,2,1,5,1,7,5,1,1,1,1,1,5,1,1,1,1,1,5,7,7,7,7,7,7,7,7,7,7,7,7,7,7,7,7,7,7,7,7,7,7,5,5,4,4,4
2,100,215,30,1,0,2,5,2,NA,3,5,3,3,3,3,3,3,3,6,4,5,2,5,5,5,5,5,5,5,5,5,5,4,5,4,3,6,6,5,6,6,7,7,6,6,6,6,6,7,6,7,6,7,6,6,6,7,7,4,3,4,4,3
3,100,457,48,1,0,3,6,1,NA,1,6,1,2,2,2,4,4,4,7,1,4,1,2,4,5,2,4,5,5,5,2,3,1,3,5,5,6,6,6,6,6,6,6,6,6,7,6,4,7,6,7,6,7,6,6,6,6,6,5,5,5,5,4
4,100,320,37,1,10,4,7,3,3,3,6,5,1,1,4,3,3,1,5,3,5,1,5,1,5,5,5,5,3,5,5,2,5,2,3,5,6,6,6,6,6,1,1,1,6,6,6,6,7,5,7,5,7,5,6,6,6,6,4,3,3,2,3
5,100,324,58,2,0,1,4,3,6,6,6,6,2,2,3,5,5,6,6,6,6,2,2,4,6,6,6,6,6,5,6,3,5,6,6,6,2,2,2,2,2,2,5,2,2,2,2,5,6,6,3,1,6,5,5,6,6,6,3,2,2,1,2
6,100,533,60,2,2,2,6,1,NA,3,7,5,3,5,2,2,2,4,1,1,7,1,4,3,2,6,6,3,5,3,2,2,2,3,2,1,6,6,4,5,6,4,7,2,6,6,6,4,7,6,7,6,7,6,6,7,7,6,5,5,5,2,3
7,100,254,29,1,100,5,8,1,NA,1,5,2,1,1,1,5,5,2,1,1,1,1,1,1,6,7,7,7,5,4,3,5,5,4,2,1,7,7,7,5,7,6,7,5,5,6,6,6,7,7,7,7,7,7,7,7,7,7,5,5,5,5,1
8,100,392,36,1,2,2,5,1,NA,5,2,6,1,1,1,6,6,6,1,1,2,1,1,1,5,5,5,7,3,5,5,5,5,7,4,5,6,6,6,5,6,7,7,4,4,7,7,7,7,6,7,6,7,6,5,7,7,7,4,4,3,3,1
9,100,447,71,2,2,1,4,1,NA,5,7,3,5,5,5,5,5,7,6,3,7,4,3,5,7,7,7,7,7,7,6,6,6,6,6,6,5,5,5,6,6,6,7,6,5,6,5,4,7,6,7,6,7,6,6,6,7,7,5,5,5,5,1
10,100,449,56,1,2,4,8,1,NA,2,3,5,2,2,2,2,2,2,1,1,5,2,2,1,7,7,6,6,5,5,2,3,3,2,2,2,7,7,7,7,7,7,7,6,4,5,4,4,7,7,7,7,7,7,7,7,7,7,5,5,5,5,1
11,100,431,38,2,0,4,7,2,NA,3,5,6,5,5,3,7,7,7,5,3,5,3,6,3,7,6,5,7,6,6,6,5,3,6,5,6,5,5,6,3,3,6,7,5,6,7,6,7,5,6,6,6,5,6,6,6,7,6,2,3,2,3,4
12,100,672,43,2,0,2,4,1,NA,2,7,6,4,5,1,4,4,4,7,5,6,2,7,1,6,4,4,7,7,7,6,5,4,5,6,5,6,6,6,6,6,7,7,6,6,6,6,7,7,7,7,6,7,6,6,6,7,7,5,4,2,2,3
13,100,452,33,1,33,5,8,1,NA,1,2,1,1,1,2,1,1,1,3,1,7,1,1,1,5,6,3,5,5,2,1,2,2,2,2,1,7,7,7,4,4,4,4,4,4,4,4,4,7,7,7,7,7,7,7,7,7,7,5,5,5,5,3
14,100,442,31,1,30,4,7,1,NA,2,3,2,1,1,1,3,2,1,5,2,5,1,6,1,5,7,7,3,2,2,1,5,5,2,3,2,6,6,7,6,7,6,5,3,6,6,7,6,7,6,7,6,7,6,6,6,7,6,4,4,5,5,4
15,100,491,39,2,0,5,6,1,NA,5,2,2,1,1,1,6,6,1,7,1,2,1,4,7,2,7,7,4,7,7,1,7,7,4,7,7,5,5,5,5,5,4,2,2,2,2,7,7,7,5,7,7,7,6,6,2,2,2,4,4,3,3,1
16,100,439,48,2,0,4,7,2,NA,2,5,1,4,5,6,3,3,1,5,2,5,1,5,2,4,4,4,4,4,4,2,5,5,2,2,2,2,2,2,2,4,7,7,3,3,3,3,5,7,5,7,3,6,3,5,6,6,6,5,3,4,3,4
17,100,635,61,1,0,3,6,2,NA,2,5,1,2,3,3,1,1,1,6,5,4,1,5,3,2,3,5,4,4,4,2,2,2,2,2,2,6,6,6,6,6,6,7,6,6,5,6,6,7,6,7,6,7,6,6,6,7,7,4,5,4,4,3
18,100,601,48,2,10,5,8,1,NA,5,1,5,1,1,1,4,5,5,1,1,3,1,7,1,6,6,6,6,5,5,4,2,5,3,5,5,7,7,7,7,7,7,7,4,7,7,7,7,7,7,7,7,7,7,7,7,7,7,5,4,5,5,3
19,100,327,40,1,2,4,5,1,NA,1,5,4,1,1,1,1,1,1,1,4,3,1,5,1,1,2,2,5,1,1,1,1,1,5,1,1,7,7,7,4,7,7,1,1,1,7,7,4,7,7,7,7,7,7,7,7,7,7,5,5,5,5,2
20,100,556,29,1,40,5,8,1,NA,1,2,1,1,1,1,2,2,1,1,3,7,1,1,1,7,7,7,4,4,2,4,5,5,1,4,2,4,4,4,4,6,3,6,4,4,6,4,1,7,7,7,7,7,7,7,7,7,7,5,5,5,5,1
21,100,560,40,1,20,5,7,1,NA,5,7,3,1,1,1,5,5,4,6,2,6,1,7,1,6,5,5,6,5,5,2,2,3,2,2,5,7,7,7,6,6,4,4,6,4,7,5,6,7,6,7,6,7,6,7,7,7,7,5,4,4,3,3
22,100,386,44,1,0,4,7,4,6,1,4,1,1,1,4,1,1,1,7,4,7,1,7,4,1,6,1,5,7,7,4,6,1,5,6,6,6,6,6,6,7,7,7,7,7,7,7,7,7,6,7,6,6,6,6,7,7,7,1,3,3,3,4
23,100,441,34,1,10,5,8,1,NA,6,1,1,1,1,1,1,1,1,1,1,7,6,1,1,3,6,6,6,6,2,6,2,5,1,2,2,7,7,7,7,7,7,7,7,7,7,7,7,7,7,7,7,7,7,7,7,7,7,5,5,5,5,1
24,100,417,53,1,0,2,5,1,NA,6,6,6,2,4,4,2,2,2,6,6,4,1,6,6,6,2,2,6,6,6,6,2,2,6,6,6,2,2,2,2,2,2,6,2,2,2,2,2,6,6,6,6,6,6,6,6,6,6,3,2,2,2,1
25,100,764,44,1,0,5,7,3,3,6,5,2,1,1,1,2,2,2,1,1,6,1,5,2,6,6,6,6,7,7,6,6,6,6,7,7,5,5,5,2,6,7,7,6,5,7,7,7,6,6,7,5,7,5,5,6,6,6,4,5,4,5,1
26,100,434,58,1,0,3,6,2,NA,2,5,5,5,5,3,3,3,6,6,5,3,1,3,3,5,5,4,6,6,6,6,5,5,5,5,6,5,5,5,5,5,7,7,6,5,6,6,6,7,6,7,6,7,6,6,6,7,7,4,3,4,3,4
27,100,337,33,2,5,4,7,2,NA,3,5,2,3,3,3,3,3,3,5,3,5,3,5,5,3,3,3,5,3,5,5,3,3,6,3,5,6,6,6,6,6,4,2,6,5,7,7,7,6,6,6,6,6,6,6,2,5,3,3,3,2,2,2
28,100,549,51,2,0,2,5,5,2,5,5,7,1,2,2,4,2,7,7,3,5,1,7,1,6,5,4,5,5,5,7,2,2,7,5,4,2,2,3,3,3,7,7,2,2,2,6,7,7,2,7,4,5,2,4,7,7,6,4,1,4,1,4
29,100,457,37,1,10,3,5,3,3,4,6,5,3,3,4,4,4,4,5,4,5,4,5,3,5,5,5,4,5,5,4,4,4,4,4,6,6,6,6,4,4,4,4,6,6,6,7,6,6,6,6,6,6,6,6,4,4,4,4,3,3,2,3
30,100,496,34,1,0,3,6,2,NA,5,7,2,3,3,7,5,5,2,3,3,7,1,7,4,6,6,7,6,5,4,4,2,3,5,4,2,7,7,7,7,7,6,7,7,7,7,5,7,7,6,7,6,7,6,6,6,7,7,4,4,4,4,2
31,100,702,39,1,0,4,6,2,NA,3,7,7,1,1,4,3,3,6,7,6,7,1,7,4,7,2,2,7,3,2,6,2,1,7,2,2,6,6,4,3,5,6,6,5,5,7,4,4,7,4,7,4,7,4,4,2,4,6,4,4,3,3,1
32,100,250,29,1,0,2,5,1,NA,1,2,2,2,2,3,2,2,1,5,4,6,1,7,2,3,5,4,2,4,3,2,2,3,2,3,2,6,6,6,6,6,7,5,4,4,7,7,6,7,7,7,7,7,7,6,7,7,4,3,3,3,3,2
33,100,793,45,1,5,4,7,3,4,5,2,1,1,1,1,2,2,1,2,1,3,1,5,1,3,5,6,4,2,2,1,1,1,1,1,4,7,7,7,5,7,7,7,5,6,6,6,6,7,7,7,6,7,6,7,5,7,7,4,4,3,3,4
34,100,478,30,2,0,1,4,1,NA,5,7,6,3,6,6,6,6,4,7,6,7,1,3,7,7,7,7,6,7,7,7,7,6,4,7,7,5,5,6,5,5,5,7,5,6,5,5,5,7,5,7,6,7,6,7,7,7,7,3,3,4,2,1
35,100,363,34,2,0,5,7,1,NA,3,3,2,1,1,1,3,6,2,1,1,6,1,1,1,1,6,6,4,5,5,1,5,5,3,5,3,6,6,6,6,6,1,6,6,6,7,7,4,7,6,7,6,7,6,7,4,7,7,5,5,5,5,1
36,100,763,30,1,0,4,7,1,NA,2,5,2,2,3,4,2,2,2,2,2,5,1,5,2,2,6,6,2,5,2,2,2,2,2,2,2,6,6,6,7,7,4,6,2,3,6,7,5,6,6,6,6,6,6,6,6,6,5,5,5,4,3,1
37,100,218,30,1,7,5,8,2,NA,2,2,2,2,2,2,2,2,2,2,1,3,3,1,1,5,5,4,4,3,3,3,3,5,3,3,3,6,6,6,7,6,7,6,6,6,6,6,6,7,7,7,7,7,7,6,7,7,7,4,4,3,3,1
38,100,612,38,1,25,5,8,4,4,1,5,1,5,3,1,1,1,1,1,1,1,1,1,1,6,5,5,6,5,5,5,4,5,5,3,3,7,7,7,6,7,7,7,6,6,6,7,7,7,7,7,7,7,6,7,7,7,7,5,5,5,3,3
39,100,392,36,1,30,5,8,1,NA,2,1,1,1,1,1,1,1,1,1,1,3,1,1,1,2,6,6,2,6,4,1,1,1,1,1,1,7,7,7,7,7,7,7,7,7,7,7,7,7,7,7,7,7,7,7,7,7,7,5,5,5,5,1
40,100,353,47,1,0,2,5,1,NA,3,5,2,1,1,1,1,1,1,4,4,5,1,1,1,5,5,5,5,3,2,2,2,2,2,2,2,6,6,6,6,6,6,6,6,6,6,6,6,7,6,7,6,7,6,6,7,7,7,5,4,4,4,3
41,100,725,40,1,20,5,8,1,NA,4,4,1,2,1,1,1,1,1,1,1,3,1,1,1,5,7,7,5,5,4,1,1,4,4,4,4,7,7,7,7,7,7,7,7,7,7,4,4,7,7,7,7,7,7,7,4,7,7,5,5,5,5,4
42,100,369,31,1,30,5,8,3,6,5,3,3,1,1,1,1,1,1,6,1,7,1,4,1,6,7,7,3,6,6,2,6,6,3,6,4,7,7,7,7,7,7,7,7,7,7,7,7,7,7,7,7,7,7,7,7,7,7,4,4,5,3,3
43,100,1735,38,2,5,3,5,5,5,1,5,4,1,7,1,4,4,4,1,1,7,3,7,1,6,1,1,6,6,6,5,1,1,1,6,6,4,4,6,4,6,4,6,4,4,4,6,7,7,6,5,5,5,5,5,6,5,5,2,2,1,2,1
44,100,707,34,2,10,5,8,4,2,1,5,5,1,1,1,5,5,5,3,1,5,1,3,1,7,6,5,7,5,6,5,2,3,7,5,2,7,7,7,7,7,7,7,7,7,7,7,7,7,7,7,7,7,7,7,4,7,7,4,4,4,2,4
45,100,595,59,1,5,5,8,2,NA,6,6,7,5,4,4,1,1,1,4,7,7,1,7,6,7,1,1,7,7,7,6,6,2,2,6,6,6,6,1,1,7,2,7,6,4,7,6,6,7,7,7,4,4,4,2,7,7,6,2,2,3,2,1
46,100,478,55,2,0,1,4,3,2,3,2,2,2,4,2,3,3,3,7,6,7,1,5,7,4,5,5,5,5,5,5,5,3,5,5,5,3,5,5,3,5,6,6,6,6,6,6,6,7,6,7,6,6,5,7,6,7,7,5,5,4,3,3
47,100,550,56,1,10,4,7,1,NA,5,5,4,1,2,2,3,4,5,2,1,6,1,5,2,6,7,7,7,6,5,5,6,6,3,4,4,6,6,6,6,7,7,7,2,5,6,4,5,7,6,7,6,7,6,6,7,7,7,5,4,5,4,1
48,100,701,36,1,66,5,8,1,NA,5,2,2,1,1,2,2,5,2,2,1,2,3,3,1,6,5,4,6,4,3,1,2,4,5,2,1,7,7,7,6,7,3,7,4,7,5,7,7,7,7,7,6,7,6,7,2,4,2,4,3,3,2,3
49,100,971,42,2,0,3,4,1,NA,6,2,2,1,1,5,2,7,4,4,1,6,1,5,1,6,6,6,7,6,3,7,2,3,7,2,2,4,4,4,4,7,7,6,5,5,7,7,7,4,4,4,4,4,4,4,6,6,6,4,4,4,4,4
50,100,609,37,1,0,2,7,2,NA,2,5,5,2,5,5,6,6,6,5,1,6,1,5,1,7,3,5,7,2,3,7,2,2,6,2,5,6,6,6,2,5,7,6,5,5,6,7,7,7,6,7,5,7,3,7,5,5,5,3,3,3,3,3
51,100,475,49,1,0,5,8,1,NA,4,1,2,1,1,3,1,1,1,1,1,5,3,7,4,4,5,5,2,3,4,2,4,3,4,4,4,7,7,7,4,7,4,4,4,5,7,6,5,7,7,7,7,7,7,7,4,7,7,5,5,5,1,1
52,100,420,40,2,0,4,7,1,NA,4,5,4,1,1,5,3,3,3,5,5,5,1,6,2,2,4,5,2,3,3,4,3,3,3,3,4,7,7,7,5,7,7,7,5,6,6,6,7,7,7,7,6,7,6,6,7,7,6,3,3,2,1,2
53,100,893,60,2,0,4,8,1,NA,1,4,2,2,3,2,1,1,1,5,2,2,1,4,2,4,4,4,4,4,4,1,1,1,1,1,1,7,7,7,7,7,7,7,7,7,7,7,7,7,7,7,7,7,7,7,7,7,7,5,5,5,5,2
54,100,2201,31,2,0,4,7,2,NA,3,5,5,1,2,6,4,5,4,7,2,6,1,4,1,5,7,7,6,4,3,3,7,6,6,3,3,6,6,6,4,6,7,7,5,5,6,6,6,7,6,7,6,7,6,6,6,7,7,4,3,3,2,1
55,100,443,40,2,50,3,6,3,2,4,4,4,4,4,4,4,4,4,4,4,4,4,6,5,6,6,6,6,6,6,6,6,6,6,6,6,5,5,5,4,6,5,6,5,5,6,7,7,5,5,5,5,5,5,5,5,5,5,3,3,3,3,3
56,100,660,53,1,6,5,8,1,NA,3,6,4,1,1,1,1,1,1,1,1,6,1,5,1,2,7,5,2,6,6,1,4,2,1,4,5,7,7,7,7,7,4,7,4,7,7,7,7,7,7,7,7,7,7,7,7,7,7,5,5,5,5,4
57,100,486,31,1,50,4,7,1,NA,3,2,3,5,5,2,2,2,2,2,1,5,1,2,1,6,7,6,6,6,6,2,5,5,2,2,2,6,6,7,6,6,6,3,6,7,7,7,6,6,6,7,7,7,6,7,2,7,7,5,5,5,5,4
58,100,765,43,1,0,5,6,4,3,5,4,4,1,1,1,1,1,1,5,1,5,4,5,1,7,7,7,7,7,3,7,4,4,7,3,4,5,5,6,4,5,7,7,6,6,6,7,7,7,5,7,5,7,5,6,6,7,7,3,3,3,1,2
59,100,622,28,1,0,5,8,1,NA,1,1,1,1,1,1,1,1,1,3,1,6,1,1,1,6,6,6,7,5,4,1,2,2,2,2,2,7,7,7,7,7,7,7,7,7,7,7,7,7,7,7,7,7,7,7,7,7,7,5,5,5,5,3
60,100,1335,48,1,1,4,7,1,NA,3,7,4,6,5,3,2,2,4,3,2,3,5,6,3,4,5,5,4,5,4,5,4,4,4,4,4,6,6,6,5,5,7,6,6,4,6,6,5,6,6,5,5,7,7,7,7,7,7,5,4,3,3,3
61,100,754,72,1,100,1,8,1,NA,1,5,1,1,5,6,1,1,1,1,1,4,1,4,1,2,2,2,3,2,2,1,1,1,1,1,1,7,7,7,7,7,7,7,7,7,7,7,7,7,7,7,7,7,7,7,7,7,7,5,3,5,3,3
62,100,1072,31,2,0,1,4,1,NA,2,7,7,6,6,1,2,2,7,6,6,6,1,7,4,7,7,5,7,5,7,7,6,2,7,5,7,5,5,5,1,5,7,7,5,5,6,6,6,7,5,7,5,7,5,6,6,6,6,4,1,3,1,2
63,100,448,54,2,0,1,4,1,NA,5,6,7,6,4,1,7,7,7,6,6,4,4,6,4,7,7,3,7,7,7,6,6,2,5,6,6,1,1,1,1,1,6,6,4,4,6,6,7,6,5,4,4,4,4,4,7,7,2,3,3,3,3,4
64,100,1116,42,2,20,3,6,4,6,5,4,3,2,2,2,2,2,1,4,2,4,1,4,2,5,5,5,5,5,6,4,4,4,5,6,7,6,6,6,4,4,4,6,6,6,6,7,7,6,6,4,4,6,6,6,4,6,5,4,4,4,4,3
65,100,1723,36,1,20,5,8,1,NA,4,6,1,1,1,1,7,3,5,1,1,6,1,1,4,6,7,7,5,4,5,2,7,7,6,2,2,7,7,7,5,6,7,7,7,7,7,7,1,7,6,7,6,7,6,7,7,7,7,5,5,5,5,3
66,100,2572,35,1,60,5,8,3,4,2,3,2,2,2,5,4,4,4,2,1,5,2,5,2,4,5,5,2,5,2,2,2,3,2,2,2,7,7,7,7,7,7,7,6,6,6,6,6,7,7,7,7,7,7,7,7,7,7,5,3,5,3,3
67,100,863,35,2,0,3,5,1,NA,2,5,2,1,4,5,3,1,1,7,3,3,1,7,1,2,5,2,2,5,2,5,5,1,2,4,2,6,6,6,5,6,7,6,5,5,7,7,7,6,7,7,7,6,7,6,4,7,5,4,3,2,2,3
68,100,397,49,1,10,3,6,1,NA,2,5,4,1,4,2,3,4,5,5,4,5,2,6,4,5,5,5,5,4,5,5,3,4,5,4,2,6,6,6,5,6,7,7,6,6,4,6,6,7,6,7,6,7,6,6,6,7,7,4,4,3,3,3
69,100,720,68,1,45,5,8,1,NA,1,3,1,1,2,1,1,1,1,2,1,4,1,3,5,6,6,6,6,6,4,1,1,1,1,1,2,7,7,7,7,7,1,7,7,7,7,7,7,7,7,7,7,7,7,7,7,7,7,5,5,5,5,4
70,100,850,64,2,5,2,5,1,NA,5,6,4,1,1,1,2,2,3,2,1,7,1,2,2,7,4,4,6,4,4,2,2,2,7,2,2,5,5,5,5,6,6,7,5,7,7,7,7,7,5,7,5,7,5,7,7,5,5,4,4,5,5,4
71,100,357,34,2,0,1,5,4,2,2,5,5,5,6,2,5,5,7,7,7,7,1,7,4,6,6,6,6,6,6,6,5,4,6,5,4,2,2,4,2,4,6,7,5,5,6,5,6,7,5,7,5,7,5,6,6,6,6,4,3,4,3,3
72,100,494,39,1,40,4,7,2,NA,1,5,3,5,2,2,6,6,6,2,2,2,2,4,5,5,5,5,6,5,3,5,3,5,6,3,3,6,6,6,5,6,7,7,4,5,6,6,6,7,6,7,6,7,6,6,5,5,4,5,5,4,4,3
73,100,434,42,2,0,5,8,1,NA,1,1,1,1,1,1,1,1,1,1,1,3,1,1,1,5,5,5,5,4,4,1,1,1,1,1,1,7,7,7,7,7,7,7,7,7,7,7,7,7,7,7,7,7,7,7,7,7,7,5,5,5,5,1
74,100,481,29,2,90,5,8,2,NA,1,1,5,1,1,1,1,1,1,2,2,5,1,2,1,5,6,4,6,6,4,1,1,2,1,3,1,7,7,7,4,4,7,7,4,7,7,7,7,7,7,7,7,7,7,7,7,7,7,5,5,5,5,1
75,100,535,36,1,0,2,5,4,6,5,5,5,7,7,2,6,6,6,4,2,7,2,5,5,6,5,5,6,6,6,6,4,4,6,6,7,2,2,2,2,4,6,6,3,5,6,6,6,5,5,2,2,3,3,4,2,5,4,2,2,2,1,3
76,100,2072,47,1,18,4,7,2,NA,2,7,1,6,4,1,3,6,7,2,1,3,1,5,4,6,6,6,6,4,4,2,1,2,2,2,1,7,7,7,6,7,7,7,7,7,7,7,7,7,6,7,6,7,6,6,7,7,7,5,4,5,3,3
77,100,1417,38,1,0,3,5,3,6,2,2,3,1,3,2,1,2,1,6,2,5,1,6,4,6,3,5,5,3,3,4,2,2,5,3,2,6,6,6,5,6,7,7,4,6,6,6,6,7,6,7,7,7,7,6,6,6,5,4,4,5,5,1
78,100,1012,49,1,10,4,8,1,NA,1,2,2,2,2,2,2,2,2,3,3,6,2,6,2,5,6,6,5,5,5,3,3,3,3,3,3,7,7,7,5,7,7,7,6,7,6,6,6,7,7,7,7,7,7,7,7,7,7,4,4,5,4,1
79,100,729,41,1,0,2,4,2,NA,5,6,5,2,3,2,5,5,5,6,4,6,2,6,5,6,7,7,5,6,5,6,6,6,6,6,6,5,5,5,5,5,6,6,5,5,6,6,6,7,5,7,5,7,5,5,6,6,6,4,3,3,2,1
80,100,340,42,2,10,3,6,2,NA,5,5,3,1,2,6,4,4,4,6,3,5,1,3,1,5,7,6,5,7,7,5,6,6,5,6,6,7,7,7,6,6,7,7,6,6,7,7,7,7,6,7,6,7,6,7,7,7,7,5,5,5,5,3
81,100,4002,41,1,10,5,7,2,NA,2,2,3,2,1,1,4,3,1,1,1,2,1,4,2,6,5,5,6,3,3,1,1,1,2,1,1,5,5,5,5,5,5,5,5,5,5,6,5,6,5,6,5,6,5,6,5,5,5,4,5,4,5,1
82,100,4151,38,1,10,5,6,2,NA,2,3,1,2,3,3,4,4,4,6,3,5,1,4,2,5,6,6,6,5,5,3,3,3,3,3,3,7,7,7,7,7,7,7,7,7,7,7,7,6,5,7,6,7,6,6,7,7,7,5,5,5,5,1
83,100,502,45,1,10,2,5,2,NA,5,5,6,4,4,2,4,4,4,2,1,4,1,5,2,6,6,6,7,6,7,6,6,4,7,6,6,6,6,6,4,5,6,6,4,4,6,7,7,6,6,7,5,6,6,6,6,6,6,4,4,4,3,3
84,100,500,30,1,30,5,6,1,NA,1,1,1,1,1,1,1,6,6,1,1,5,1,7,6,5,6,5,6,5,6,2,6,7,1,3,2,7,7,7,7,7,7,7,7,7,7,7,7,7,7,7,7,7,7,7,7,7,7,5,3,5,5,3
85,100,557,45,1,1,5,8,1,NA,1,1,1,1,1,1,5,5,6,2,1,7,1,4,1,7,7,5,7,7,7,1,1,2,1,1,1,7,7,7,7,7,7,7,7,7,7,7,7,7,7,7,7,7,7,7,7,7,7,1,5,5,5,2
86,100,1298,41,2,0,3,6,2,NA,2,6,2,4,5,5,6,6,6,6,2,6,2,4,4,4,5,5,6,5,5,4,3,5,5,5,5,4,4,6,6,6,6,6,6,6,6,6,6,6,6,6,6,7,7,7,7,7,7,3,5,5,5,4
87,100,583,65,1,0,4,7,2,NA,2,6,2,2,2,2,5,3,1,6,2,5,2,5,2,6,2,5,2,4,6,5,2,2,2,3,5,6,6,6,6,6,6,6,6,6,6,6,6,6,6,7,7,7,7,2,6,6,6,4,4,3,3,4
88,100,314,43,1,0,2,5,2,NA,2,5,4,1,2,5,1,1,1,2,2,7,1,4,1,5,2,2,6,4,5,2,1,1,2,3,3,7,7,7,7,7,7,7,7,7,7,7,7,7,7,7,7,7,7,7,7,7,7,4,3,3,1,4
89,100,475,40,1,0,3,6,1,NA,2,7,3,2,2,2,4,2,2,4,1,2,1,4,2,2,6,6,5,4,2,2,4,4,2,3,1,7,7,7,4,4,4,6,4,4,7,4,6,6,6,6,6,6,6,6,6,6,6,4,4,3,3,1
90,100,814,36,1,0,2,5,1,NA,1,7,1,1,1,1,5,6,1,7,2,1,1,7,4,5,6,6,5,6,5,4,5,6,2,6,6,7,7,7,7,7,7,7,7,7,7,7,7,7,6,7,6,7,6,6,7,7,7,5,5,4,1,4
91,100,312,40,1,15,5,8,2,NA,5,1,4,1,1,1,1,1,1,1,1,1,1,7,1,5,4,5,7,6,6,5,1,1,2,5,6,7,7,6,6,6,4,4,4,4,7,7,7,7,7,7,7,7,7,7,7,7,7,4,4,3,1,1
92,100,559,42,1,0,3,6,1,NA,1,6,2,1,1,6,1,1,1,6,1,5,1,5,1,3,5,6,6,6,4,1,1,5,5,5,1,7,7,4,4,4,5,5,4,4,5,4,4,7,7,7,4,7,5,7,5,7,7,4,3,2,1,3
93,100,483,27,1,0,4,6,1,NA,2,4,3,2,2,4,5,6,3,4,2,4,1,4,1,5,6,6,6,5,2,4,5,4,2,4,2,6,6,6,7,7,5,4,6,6,7,4,6,7,7,7,6,6,6,6,5,6,5,5,4,5,3,2
94,100,1781,1,2,1,3,6,3,2,3,7,5,4,3,3,4,5,5,2,2,5,1,5,4,7,3,3,7,4,5,6,2,2,6,4,5,6,6,6,2,6,6,6,2,4,7,7,7,7,6,7,6,7,6,6,5,7,7,4,3,5,1,3
95,100,5161,49,1,5,5,8,1,NA,1,5,1,5,5,5,2,2,2,6,1,7,2,2,3,5,6,6,5,6,5,2,2,2,2,5,3,7,7,7,7,7,7,7,7,7,7,7,6,7,7,7,7,7,7,7,7,7,7,4,4,4,3,4
96,100,407,28,2,0,1,6,4,5,3,6,4,2,2,2,2,5,5,7,7,6,1,5,4,6,6,6,6,5,4,4,5,5,6,3,3,5,5,6,4,5,7,7,6,6,7,7,7,7,7,7,6,7,6,6,6,7,7,1,3,4,2,1
97,100,691,34,1,25,2,5,2,NA,1,2,6,5,5,1,2,2,6,2,2,5,6,5,1,6,6,6,7,2,2,4,2,2,7,2,2,3,3,3,2,5,7,6,4,4,7,5,6,6,5,6,5,5,NA,4,7,7,5,4,5,4,3,1
98,100,535,60,1,50,5,8,1,NA,1,5,1,1,1,1,5,5,1,5,1,3,1,5,1,5,5,5,5,1,4,1,2,2,2,1,1,7,7,6,7,7,7,7,7,7,7,7,7,4,4,4,7,4,7,4,1,4,4,5,5,5,5,4
99,100,488,39,1,5,2,5,1,NA,7,6,5,2,2,4,1,1,1,1,1,6,2,7,1,5,5,5,5,6,4,3,4,3,5,4,2,6,6,5,2,2,6,7,1,1,4,4,4,7,6,7,6,7,6,7,7,NA,7,4,4,2,1,1
100,100,3747,34,2,5,4,7,1,NA,5,7,5,3,3,3,6,6,6,2,2,4,1,2,4,5,6,5,6,6,6,5,6,6,5,5,5,7,7,5,3,5,6,7,2,6,7,6,6,5,6,5,5,5,5,6,6,6,5,3,3,3,3,3
101,100,444,38,1,25,5,8,1,NA,4,3,2,2,2,2,2,2,2,7,1,4,1,2,1,5,7,7,6,2,2,4,5,5,3,1,1,7,7,7,5,6,7,7,7,7,7,7,7,7,7,7,7,7,7,7,7,7,7,5,5,5,5,1
102,100,375,32,1,0,2,5,4,4,1,1,2,1,1,5,2,2,1,7,7,7,1,7,4,1,2,4,5,2,6,4,2,2,2,2,6,2,2,2,2,2,2,7,2,6,6,2,7,7,6,6,6,6,6,4,2,2,2,3,3,3,2,1
103,100,652,36,1,30,5,8,1,NA,5,1,1,1,1,5,1,1,1,2,1,1,1,2,1,1,2,2,2,5,1,1,1,1,1,1,1,7,7,7,7,7,7,7,7,7,7,7,7,7,7,7,7,7,7,7,7,7,7,5,5,4,4,3
104,100,951,40,1,0,2,5,5,5,2,5,1,1,1,1,1,2,1,6,6,6,1,7,1,6,6,6,7,3,2,2,1,2,5,2,1,6,6,6,7,7,7,7,5,5,7,7,6,7,7,6,5,7,6,6,7,7,6,4,4,4,3,3
105,100,649,46,1,10,1,4,1,NA,1,5,2,2,2,3,1,1,4,2,1,2,1,3,1,5,4,2,6,4,5,5,2,1,5,4,4,7,7,7,6,6,6,7,7,7,7,7,5,7,7,7,7,7,7,7,7,7,7,5,5,5,2,2
106,100,573,39,1,0,2,5,1,NA,1,2,1,2,2,3,1,1,1,5,1,6,1,5,2,5,7,6,3,6,6,2,1,1,1,1,1,6,6,3,2,2,2,7,3,3,2,2,2,7,3,7,3,7,3,6,7,7,7,5,5,5,5,4
107,100,475,55,1,1,1,4,4,2,6,6,2,2,2,2,2,2,2,1,1,7,5,2,7,6,6,6,6,6,6,4,4,4,4,6,4,6,6,6,6,6,6,7,4,6,6,6,6,7,7,7,7,7,7,7,7,7,7,5,5,3,3,1
108,100,438,61,2,0,1,4,3,2,6,6,6,4,5,4,6,6,6,6,6,6,1,5,4,6,6,6,6,6,6,6,6,6,6,6,6,5,5,5,5,5,7,7,6,6,7,6,6,7,7,7,7,7,7,7,7,7,7,3,3,3,3,2
109,100,421,40,1,20,5,8,1,NA,1,1,1,1,1,1,1,1,1,1,1,4,4,1,1,6,7,7,6,2,1,1,1,1,1,1,1,7,7,7,7,7,7,7,7,7,7,7,7,7,7,7,7,7,7,7,7,7,7,5,5,5,5,3
110,100,510,46,1,0,3,6,3,1,7,4,4,2,4,4,4,4,4,7,5,6,1,5,4,5,5,5,6,7,5,3,4,4,4,6,5,6,6,6,5,6,6,7,6,6,6,6,6,7,6,7,6,4,4,6,4,6,6,4,3,3,2,3
111,100,427,28,2,0,3,5,2,NA,3,3,2,3,3,2,2,2,1,6,3,4,1,6,4,2,5,5,2,5,4,4,5,5,3,4,2,6,6,6,6,6,7,7,5,5,5,6,7,7,6,7,5,7,5,6,6,7,7,4,2,3,1,3
112,100,766,45,1,0,1,6,3,6,4,5,3,5,4,3,2,3,3,6,5,6,2,2,4,4,5,5,4,4,4,3,3,4,4,4,4,5,5,5,3,5,6,7,5,5,6,5,6,7,5,6,5,6,5,6,6,6,3,5,4,3,3,3
113,100,373,34,1,10,2,5,1,NA,2,6,2,2,1,2,3,3,2,5,1,5,1,5,1,4,5,5,2,7,6,2,3,3,1,5,3,7,7,7,5,5,7,7,4,6,4,7,4,7,6,7,5,7,5,6,7,7,7,4,3,2,1,2
114,100,520,29,2,0,3,6,2,NA,2,2,3,5,3,2,5,6,5,7,7,6,4,4,3,6,6,6,7,3,5,6,6,6,6,3,3,5,5,5,5,5,6,7,6,6,7,6,6,7,7,7,6,7,6,6,7,7,7,4,2,4,1,3
115,100,561,31,1,60,5,8,1,NA,1,6,1,1,1,1,1,1,1,1,1,5,1,4,1,4,6,6,5,2,3,2,6,7,4,2,1,7,7,7,7,7,7,7,7,7,7,7,7,7,7,7,7,7,7,7,7,7,7,5,5,5,2,1
116,100,656,65,1,0,1,4,1,NA,1,6,1,1,1,2,2,2,2,6,2,6,1,6,6,2,4,4,2,4,2,2,2,2,2,2,2,7,7,7,5,6,7,4,7,7,7,7,7,7,6,7,6,7,5,5,7,7,7,5,5,5,5,3
117,100,568,33,1,85,5,8,1,NA,1,2,1,2,1,1,2,3,4,1,1,4,1,2,1,5,7,6,7,3,3,1,5,5,7,1,1,7,7,7,7,7,7,7,4,4,7,7,4,7,7,7,NA,6,6,7,7,7,6,5,5,5,5,4
118,100,453,45,1,0,4,7,1,NA,2,4,1,2,2,2,2,2,2,6,4,5,2,5,5,5,5,5,5,4,4,2,4,4,2,4,2,7,7,7,7,7,7,7,7,7,7,7,7,7,7,7,7,7,7,7,7,7,7,4,4,3,3,3
119,100,346,39,1,50,5,8,1,NA,1,1,1,5,2,1,2,2,3,1,1,2,2,2,2,5,6,6,6,6,6,2,6,6,5,5,5,6,6,6,5,5,7,7,6,6,7,7,7,7,6,7,6,7,6,6,6,6,6,5,4,4,2,3
120,100,712,44,1,0,5,6,1,NA,2,4,1,1,1,2,4,4,4,4,2,2,1,2,5,5,4,5,5,5,5,4,3,4,3,3,3,7,7,7,7,7,4,4,7,7,7,7,6,7,7,7,7,7,7,7,7,7,7,5,5,1,1,4
121,100,572,68,1,90,5,8,1,NA,1,1,1,1,1,1,1,1,1,1,1,5,1,1,1,5,5,5,5,5,5,1,1,1,1,2,1,7,7,7,7,4,4,4,4,7,4,4,4,7,7,7,7,7,7,7,4,7,7,5,5,5,5,4
122,100,463,39,1,43,5,8,1,NA,1,1,1,1,1,1,1,1,1,1,1,7,1,1,1,3,6,5,5,3,2,1,1,1,1,1,1,7,7,7,7,7,7,7,7,7,7,7,7,7,7,7,7,7,7,7,7,7,7,5,5,5,3,1
123,100,9879,33,2,0,2,4,4,3,2,6,3,5,6,1,5,5,7,2,3,7,1,5,4,6,5,5,6,3,5,6,3,2,3,3,3,3,3,6,5,6,6,7,4,5,6,6,6,7,6,5,5,5,5,6,1,5,2,4,4,4,2,3
124,100,390,31,1,10,3,6,4,4,4,2,2,2,5,2,5,5,4,2,5,5,5,5,3,5,6,6,7,7,7,5,6,5,6,6,6,5,5,5,4,5,6,7,3,3,4,6,4,7,6,7,6,7,6,6,6,7,7,4,3,3,3,1
125,100,310,43,1,5,4,7,1,NA,2,2,2,2,2,2,2,2,2,2,2,4,2,2,2,5,6,6,5,4,4,3,4,3,2,2,2,6,6,6,6,6,6,6,4,4,4,4,4,6,6,6,6,6,6,6,6,6,6,5,5,5,3,4
126,100,749,74,1,0,1,4,1,NA,4,5,1,4,4,4,4,4,4,6,6,5,1,6,1,4,4,4,4,4,4,3,3,4,6,6,5,6,6,6,6,6,2,2,4,6,6,6,6,4,4,4,4,4,4,4,4,4,4,4,4,4,4,1
127,100,614,48,2,0,2,5,1,NA,4,6,7,4,4,4,5,5,7,2,2,5,1,5,4,7,4,4,6,5,5,7,2,2,6,5,5,5,5,5,5,5,5,5,4,4,6,6,6,NA,NA,NA,NA,NA,NA,NA,NA,NA,NA,4,4,3,2,1
128,100,669,55,1,3,2,6,4,4,1,6,1,5,6,1,2,2,2,4,1,7,1,1,4,6,5,3,7,2,5,4,2,1,2,7,1,7,7,7,7,7,7,7,6,7,7,7,7,7,7,6,6,6,6,6,6,1,5,5,4,5,1,4
129,100,514,35,2,0,4,5,2,NA,7,5,4,2,5,1,4,4,5,4,2,6,2,5,3,6,6,6,7,7,7,5,3,3,5,7,7,2,2,2,2,2,2,2,2,2,3,7,6,7,3,7,3,7,3,4,2,4,4,4,4,4,4,1
130,100,2416,44,1,95,3,6,2,NA,4,5,3,7,6,2,2,2,1,1,1,3,2,5,6,5,5,5,5,5,5,2,1,1,1,3,5,6,6,4,4,4,4,4,4,7,4,6,4,4,4,4,4,4,4,7,4,4,4,5,5,5,5,3
131,100,459,49,1,15,1,8,2,NA,1,1,1,1,1,1,1,4,4,1,1,6,2,2,1,5,6,6,6,6,5,2,2,2,2,4,4,7,7,7,5,4,4,6,4,7,7,4,4,7,7,7,7,7,7,7,7,7,7,5,5,5,5,4
132,100,470,43,2,5,4,7,1,NA,1,3,1,4,3,1,1,1,1,2,1,2,1,1,1,5,5,5,5,5,5,1,1,1,2,2,1,7,7,7,7,7,7,7,6,6,6,6,6,7,7,7,7,7,7,7,7,7,7,5,5,5,5,3
133,100,676,37,2,0,5,8,1,NA,5,2,1,1,1,2,2,5,3,6,7,5,1,2,4,6,5,7,6,1,1,1,2,5,2,1,1,7,7,7,7,7,7,7,7,7,7,7,7,7,7,7,7,7,7,7,7,7,7,5,5,5,3,1
134,100,384,40,2,5,5,7,1,NA,2,2,3,1,1,1,1,1,1,3,1,6,1,2,1,6,6,6,5,7,7,1,2,2,1,5,5,7,7,7,7,7,6,7,7,7,7,7,7,7,7,7,7,7,7,7,7,7,7,5,5,5,5,3
135,100,445,70,1,2,2,5,1,NA,4,5,2,3,3,3,1,1,1,3,4,4,1,6,3,5,5,4,5,5,5,1,2,1,4,4,5,6,6,6,5,6,7,5,5,5,6,6,5,7,7,7,7,7,7,7,7,7,7,4,3,3,1,3
136,100,327,29,1,90,5,8,1,NA,2,3,1,1,1,1,2,2,1,1,1,2,1,1,1,5,6,6,6,5,5,2,2,3,1,1,2,7,7,7,7,7,4,7,4,4,4,4,2,7,7,7,7,7,7,7,4,7,7,5,5,4,4,3
137,100,399,40,1,0,3,6,2,NA,2,5,5,1,4,5,2,3,6,7,7,5,1,6,4,6,7,6,6,6,7,5,6,3,1,5,7,6,6,7,5,7,7,7,6,5,6,7,7,7,6,7,6,7,6,6,7,5,5,3,2,2,1,3
138,100,556,64,1,1,1,4,1,NA,2,2,6,2,2,2,2,2,2,2,2,6,2,2,2,6,7,5,7,6,6,6,7,2,6,5,5,1,1,1,1,1,1,1,1,1,1,6,2,7,7,7,6,7,2,2,1,7,7,2,2,2,1,3
139,100,8313,41,2,0,4,7,1,NA,5,3,5,4,5,5,5,6,4,5,3,5,1,6,4,5,6,6,6,6,6,5,4,4,6,6,6,5,5,6,5,7,7,7,6,6,7,7,6,7,5,5,5,6,5,5,6,6,6,4,3,4,4,4
140,100,446,60,1,1,5,8,2,NA,5,5,5,3,3,3,3,3,3,2,1,5,1,1,1,7,7,7,7,5,5,6,6,6,3,3,3,7,7,7,5,5,5,6,2,2,2,6,3,7,7,7,7,7,7,7,7,7,7,5,4,5,5,3
141,100,534,74,1,1,4,7,1,NA,6,7,2,1,1,1,4,4,2,7,1,5,1,3,1,5,7,7,3,5,5,2,1,1,2,6,6,7,7,7,7,7,4,7,7,7,7,7,1,7,7,7,7,7,7,7,7,7,7,5,5,4,3,1
142,100,576,36,1,10,5,8,5,5,2,3,2,4,4,3,3,3,3,3,1,6,1,4,3,5,6,6,7,4,5,3,4,3,3,4,5,7,7,6,6,6,5,6,7,6,5,6,6,7,7,7,7,7,7,7,7,7,4,5,5,4,4,1
143,100,866,67,1,5,4,7,1,NA,2,6,2,2,2,5,3,3,3,5,1,6,3,1,3,6,6,6,6,7,5,2,4,5,2,2,7,7,7,4,5,6,7,6,4,7,7,7,6,3,5,5,6,5,6,6,6,7,5,5,5,5,5,3
144,100,521,31,1,5,5,8,1,NA,5,5,1,1,1,1,1,1,1,1,1,5,1,6,1,1,7,7,5,2,2,1,7,7,1,1,1,7,7,7,4,5,7,7,4,7,7,7,7,7,2,7,6,7,6,7,7,7,7,5,5,5,5,1
145,100,463,43,1,10,3,6,3,2,2,5,2,2,2,2,4,5,5,2,1,4,2,4,2,2,4,4,5,4,4,2,4,4,5,5,2,6,6,6,2,5,7,7,2,2,3,6,3,7,5,7,5,7,5,4,6,6,5,5,5,5,5,3
146,100,279,50,1,3,3,6,3,2,5,5,5,3,4,2,4,5,5,5,4,5,3,5,3,5,7,6,5,5,6,5,5,5,4,5,5,5,5,6,4,5,7,6,5,5,6,5,4,6,5,5,4,5,4,5,7,6,5,4,3,3,2,3
147,100,930,45,1,0,1,4,1,NA,5,5,1,1,1,1,4,3,1,5,6,6,1,7,4,5,6,7,7,7,7,3,4,2,2,6,5,5,5,5,5,6,6,4,4,5,6,5,7,7,5,7,5,7,5,7,7,7,7,4,3,4,1,3
148,100,385,51,1,0,2,5,2,NA,2,6,6,2,5,2,4,4,3,5,2,4,4,7,2,5,3,5,6,6,5,5,2,3,6,6,4,2,2,2,2,2,2,2,2,2,5,6,7,7,6,7,5,7,5,5,6,5,6,3,3,2,2,3
149,100,10538,49,1,0,3,5,3,3,3,5,6,2,2,2,4,4,4,6,6,6,2,5,4,6,3,3,5,4,5,6,3,3,6,4,5,6,7,6,4,4,4,6,5,3,6,6,5,6,6,5,5,4,4,5,2,6,3,3,3,4,3,3
150,100,562,45,1,0,3,5,1,NA,2,4,2,1,1,1,5,5,5,5,3,3,1,4,2,2,7,7,2,2,2,2,7,7,2,2,2,4,4,4,4,4,4,7,4,4,4,4,4,7,4,7,4,7,4,6,7,7,7,5,5,5,3,1
151,100,516,43,1,0,3,6,2,NA,2,6,4,5,4,5,4,4,4,5,5,6,3,7,4,4,5,5,4,5,5,5,5,4,4,6,5,5,5,6,6,7,7,7,6,6,5,7,7,7,6,7,6,4,4,6,6,7,7,3,3,3,1,3
152,100,846,72,1,1,4,7,2,NA,6,6,3,2,3,2,2,2,2,5,1,6,4,5,1,6,7,5,7,7,7,5,7,4,5,7,7,6,6,6,6,6,6,6,6,6,6,7,7,7,7,7,7,7,6,6,6,7,7,5,5,5,4,1
153,100,578,53,1,3,3,7,1,NA,5,5,5,3,3,2,3,6,3,1,1,6,2,2,1,2,7,7,6,4,4,5,5,5,5,5,1,5,5,5,5,6,7,7,5,5,3,7,3,7,3,7,2,7,2,5,6,7,7,5,5,5,4,1
154,100,472,32,1,21,4,7,1,NA,2,6,2,1,3,5,1,1,1,5,1,4,1,5,1,5,7,7,5,3,2,5,6,6,3,4,2,6,6,5,5,5,6,7,5,5,5,6,6,7,5,7,6,6,5,6,6,7,7,5,5,4,2,1
155,100,336,63,1,0,1,4,2,NA,6,6,4,1,1,1,1,1,1,1,2,5,1,6,2,4,4,4,4,4,4,2,1,1,1,2,2,7,7,7,4,4,4,4,4,4,6,4,5,7,7,7,6,7,6,6,7,7,7,4,3,3,1,3
156,100,826,69,1,0,2,5,1,NA,2,5,2,2,2,2,4,4,2,4,3,5,2,5,3,5,5,5,3,5,4,4,5,5,3,4,4,6,6,6,6,6,6,3,5,5,5,4,4,7,6,7,6,7,6,6,7,7,7,4,4,4,3,3
157,100,542,65,2,0,3,6,1,NA,1,7,1,1,1,1,4,4,7,7,6,5,1,7,4,4,5,5,4,4,4,4,4,4,7,4,4,6,6,4,4,6,6,5,5,3,7,4,7,6,6,6,6,6,6,4,4,4,4,5,5,4,4,3
158,100,254,47,1,20,2,5,1,NA,2,6,6,2,2,2,5,5,2,6,5,5,1,7,2,5,6,6,5,6,5,3,6,6,3,5,5,4,4,5,4,6,6,7,5,5,6,6,6,7,6,7,5,7,6,5,5,7,6,3,3,3,3,3
159,100,553,76,1,0,2,5,1,NA,1,2,1,1,2,2,4,4,3,6,5,6,1,6,2,4,3,5,5,5,4,4,2,4,5,3,3,6,5,6,4,4,6,6,6,4,5,6,4,6,6,6,4,6,6,4,5,5,5,4,3,3,3,1
160,100,493,32,1,80,5,8,1,NA,5,3,1,1,1,1,1,1,1,1,1,3,2,2,1,2,6,7,5,7,6,1,5,5,3,6,3,7,7,7,7,7,7,7,7,7,7,7,7,7,7,7,7,7,7,7,7,7,7,5,5,5,5,3
161,100,198,35,1,75,5,8,4,6,5,2,1,1,1,1,1,1,1,1,1,1,1,1,1,5,5,5,5,5,1,2,5,3,1,5,1,7,7,7,7,7,7,7,7,7,7,7,7,7,7,7,7,7,7,7,7,7,7,5,4,5,1,3
162,100,606,60,1,2,5,7,1,NA,1,3,2,1,1,5,5,3,1,4,5,6,1,4,2,7,5,6,6,6,6,4,5,5,5,6,6,7,7,7,6,7,1,4,7,7,4,4,2,7,7,7,7,7,7,7,7,7,7,5,4,5,4,1
163,100,618,33,2,0,1,4,1,NA,2,3,1,3,3,1,1,1,1,3,7,7,1,2,4,4,4,4,4,4,4,2,2,2,2,2,2,1,1,1,1,1,2,5,1,2,3,2,2,2,2,2,2,2,2,3,3,3,2,3,2,3,3,1
164,100,1169,49,1,0,2,5,2,NA,2,5,2,2,2,2,2,2,2,4,2,5,2,4,4,4,4,4,4,4,4,2,7,7,5,5,3,5,5,5,5,5,7,7,4,5,5,5,3,6,5,7,5,7,5,5,6,5,6,5,4,5,5,1
165,100,7080,51,2,0,3,4,2,NA,2,2,2,2,2,2,6,6,6,6,4,6,2,5,4,5,4,4,5,4,5,5,4,2,4,3,3,6,6,6,7,7,7,7,6,6,7,7,7,6,7,6,6,6,7,4,7,7,6,4,4,4,4,3
166,100,533,63,1,0,1,4,2,NA,6,7,6,7,7,1,1,1,1,6,6,6,6,6,6,6,6,4,3,7,7,6,4,4,5,7,7,1,1,2,1,1,1,2,2,2,2,4,4,7,5,7,5,7,5,4,6,7,6,3,3,1,1,2
167,100,481,43,1,0,5,8,1,NA,5,3,3,1,2,3,4,2,2,5,4,6,1,7,1,5,5,4,5,6,6,3,6,2,3,6,6,7,7,7,4,4,4,4,6,4,6,7,7,7,7,6,6,6,6,6,3,5,3,5,5,5,5,4
168,100,416,36,1,0,3,6,3,2,4,4,5,3,5,4,4,4,4,5,4,6,3,5,4,5,5,5,5,5,5,4,3,3,5,5,5,5,5,5,4,5,4,5,4,4,4,5,5,5,5,4,4,4,4,5,5,5,4,3,3,2,1,3
169,100,867,73,1,0,5,7,1,NA,4,6,5,2,5,2,4,3,4,6,3,5,2,6,2,5,4,5,4,5,5,5,4,3,2,5,4,6,6,6,3,4,6,7,4,4,4,5,6,7,7,7,7,7,6,6,7,7,7,5,5,3,4,4
170,100,318,38,1,10,2,5,1,NA,6,6,5,2,2,1,2,2,1,5,4,5,1,4,2,4,7,7,6,7,7,3,6,6,3,6,4,5,5,5,5,5,5,6,5,5,5,6,5,7,7,7,7,7,7,6,7,7,7,4,4,3,2,3
171,100,434,51,1,10,5,8,3,6,4,4,3,3,3,1,4,4,4,4,4,3,3,4,2,5,5,5,3,5,5,4,3,3,3,3,3,4,7,4,4,4,4,4,4,4,4,4,4,7,4,7,4,7,4,4,4,7,7,5,5,4,4,4
172,100,441,75,1,0,3,6,1,NA,1,5,3,1,1,4,4,4,4,7,7,7,1,6,4,4,1,1,5,5,5,1,1,1,5,6,6,7,7,7,7,7,7,4,4,6,7,7,7,7,4,7,4,4,4,4,4,6,6,3,3,3,1,3
173,100,472,73,1,0,3,6,2,NA,3,3,2,3,3,2,3,3,2,5,4,3,1,5,3,5,5,5,5,4,4,4,4,5,4,4,4,5,5,5,5,6,6,6,5,5,6,6,6,6,6,6,6,6,6,6,6,6,7,4,4,3,3,3
174,100,483,42,1,0,4,5,1,NA,6,7,3,1,5,4,1,1,1,2,1,6,1,5,1,3,5,3,5,6,6,5,5,5,1,6,5,6,7,6,4,4,7,6,2,2,7,7,7,7,6,7,6,7,6,7,7,7,7,4,4,1,1,4
175,100,466,77,1,10,5,8,1,NA,1,2,1,1,1,1,1,1,1,4,2,4,1,7,1,4,4,4,4,4,4,1,1,2,1,2,2,7,7,7,7,7,7,7,7,7,7,7,7,7,7,7,7,7,7,7,7,7,7,5,5,5,2,3
176,100,361,32,1,0,2,5,1,NA,3,6,6,3,5,5,4,4,4,5,3,4,2,4,4,6,7,7,7,7,6,7,7,7,7,7,7,5,5,5,5,6,7,6,6,6,6,6,6,7,6,7,6,7,6,7,7,7,7,3,2,2,1,4
177,100,591,58,1,0,1,4,1,NA,5,3,7,4,4,6,7,7,7,7,7,7,1,5,4,7,7,2,7,7,7,7,6,2,4,7,5,6,6,6,6,6,7,6,6,6,7,7,7,7,7,7,4,7,4,7,7,7,7,4,3,3,2,4
178,100,483,36,1,20,4,7,2,NA,2,5,2,2,3,2,2,1,3,2,1,6,3,2,3,6,7,7,7,5,4,6,5,4,7,3,1,6,6,6,6,6,7,7,6,6,7,6,5,7,6,7,6,7,6,6,7,7,7,5,4,5,4,3
179,100,365,37,1,0,3,5,4,4,2,3,4,5,3,5,4,3,2,5,3,7,1,6,2,2,7,7,3,3,5,3,3,3,3,3,4,4,5,4,4,5,4,6,4,4,4,6,6,7,6,7,6,7,4,6,7,7,7,2,3,4,3,1
180,100,298,44,1,10,5,8,1,NA,1,4,1,4,4,4,3,3,1,4,1,5,1,3,1,5,6,5,6,5,5,1,5,4,2,5,5,7,7,7,7,5,4,7,4,4,4,4,4,7,7,7,6,7,6,6,6,7,7,5,5,5,5,4
181,100,236,33,2,5,2,5,1,NA,5,7,3,2,2,2,3,5,4,5,3,7,2,4,2,5,4,5,5,6,6,5,4,5,5,6,6,6,6,6,3,5,6,7,5,4,4,7,6,7,5,7,5,7,5,6,6,7,6,3,3,3,3,3
182,100,339,53,1,10,5,8,1,NA,5,5,5,4,4,3,5,5,4,2,1,4,1,5,3,5,5,5,6,6,6,4,3,3,6,5,5,6,6,6,6,6,7,7,5,6,7,7,7,7,7,7,7,7,7,7,7,7,6,4,4,4,3,1
183,100,437,43,1,0,4,7,4,4,4,3,4,1,1,5,3,3,3,5,5,5,1,5,1,5,7,7,5,5,5,3,2,2,5,2,2,6,6,6,6,6,6,6,6,6,7,7,7,7,7,7,7,7,7,7,4,7,4,5,4,5,2,4
184,100,659,35,1,0,2,5,2,NA,5,5,3,2,3,2,5,6,5,4,2,2,2,6,3,4,5,5,4,5,3,5,3,3,3,4,2,4,4,4,4,6,7,7,4,4,4,7,5,7,5,7,5,7,5,6,7,7,7,4,4,2,2,4
185,100,796,70,1,0,1,6,3,6,4,6,7,7,6,1,4,5,6,2,6,4,1,6,1,7,2,2,7,3,6,7,2,1,7,2,2,2,2,2,1,2,6,1,1,1,6,3,7,5,2,2,2,2,2,2,2,2,2,3,3,2,1,1
186,100,663,35,1,30,5,8,1,NA,1,1,1,1,1,4,4,4,1,1,1,4,1,7,1,5,5,5,5,5,5,1,3,3,1,1,1,7,7,7,7,7,4,7,4,7,1,7,1,7,7,7,7,7,7,7,7,7,7,3,5,3,5,4
187,100,413,34,1,70,5,8,2,NA,5,2,2,1,1,1,1,1,1,1,1,6,1,2,1,6,6,7,3,7,4,3,4,1,1,6,5,7,7,7,4,7,4,7,7,7,7,7,4,7,7,7,7,7,7,7,7,7,7,3,4,5,1,3
188,100,588,34,2,0,1,4,3,2,6,5,5,4,4,1,7,7,7,7,6,5,1,6,1,7,5,3,7,5,7,7,3,7,7,3,7,2,2,2,3,5,6,7,1,5,7,5,7,4,2,4,1,5,1,5,5,7,4,4,5,4,3,1
189,100,258,51,2,0,4,6,1,NA,5,5,4,3,3,3,4,4,4,5,4,4,3,5,4,5,4,4,5,4,4,4,3,3,3,3,3,5,5,5,4,4,4,4,3,4,6,4,6,7,6,6,6,6,6,6,6,6,6,3,3,2,2,4
190,100,1182,56,2,0,3,6,1,NA,2,4,2,2,2,5,2,2,2,4,2,5,2,6,2,5,5,5,5,5,5,2,5,5,2,3,5,6,6,6,6,6,6,6,6,6,6,6,6,7,6,7,6,7,6,6,6,6,6,4,3,5,1,4
191,100,448,70,1,0,3,6,2,NA,2,6,3,5,4,3,3,3,3,6,6,6,1,6,6,2,3,3,5,5,5,3,3,4,5,5,5,5,5,5,5,5,5,5,5,5,5,5,5,7,5,7,5,7,5,5,4,6,6,2,2,1,1,3
192,100,361,35,1,0,4,7,1,NA,3,5,2,1,1,1,1,1,1,4,3,3,1,5,1,5,6,6,2,5,4,4,5,6,1,5,2,7,7,7,6,6,6,6,4,4,5,6,6,7,7,7,7,7,7,7,7,7,7,4,4,3,2,3
193,100,514,47,2,0,1,4,1,NA,7,7,5,1,1,5,2,5,4,5,1,7,1,5,1,5,5,2,6,5,6,6,2,1,6,6,7,1,1,1,1,1,1,1,1,1,1,1,1,7,5,1,2,1,2,5,1,5,5,1,1,1,1,1
194,100,287,30,2,100,5,8,1,NA,1,1,1,1,1,1,1,1,1,1,1,3,1,1,1,5,6,6,3,6,6,2,1,1,1,2,2,7,7,7,7,7,7,7,7,7,7,7,7,7,7,7,7,7,7,7,7,7,7,5,5,5,5,4
195,100,356,46,1,0,3,8,1,NA,1,5,1,1,1,1,1,1,1,5,1,4,1,7,1,6,6,6,5,5,4,4,4,5,2,5,2,7,7,7,7,7,7,7,7,7,7,7,7,7,7,4,3,4,3,4,6,6,6,5,5,5,5,3
196,100,381,30,2,0,2,5,1,NA,2,5,3,1,1,6,1,1,5,7,6,6,1,5,4,7,6,6,4,4,3,5,5,5,3,4,3,5,5,5,3,3,5,5,5,5,5,6,6,7,6,7,6,7,6,6,6,6,6,3,3,4,2,3
197,100,351,31,2,0,1,4,1,NA,5,6,6,4,5,5,4,4,4,7,7,7,1,7,4,7,7,7,6,7,7,7,5,4,4,6,7,3,3,4,5,6,6,6,5,4,6,6,6,6,6,7,5,7,5,5,6,6,6,4,4,4,3,3
198,100,889,40,1,5,5,8,1,NA,2,6,1,1,1,1,1,1,1,6,1,5,1,5,1,3,4,5,6,5,4,4,6,6,3,4,4,7,7,7,4,4,4,4,5,4,4,7,4,7,7,7,7,7,7,7,7,NA,7,5,5,3,2,1
199,100,829,63,1,40,5,8,1,NA,1,2,1,1,1,1,1,1,1,1,1,5,1,1,1,5,4,4,5,5,5,1,1,1,1,1,1,7,7,7,7,7,7,7,5,5,7,4,2,7,7,7,7,7,7,7,7,7,7,5,5,5,5,1
200,100,349,36,2,10,5,8,1,NA,3,4,4,2,2,2,2,2,2,1,1,5,1,5,1,4,5,5,6,6,6,2,3,4,2,5,5,6,6,6,4,4,6,7,4,6,6,7,7,7,7,7,6,7,6,7,7,7,7,4,4,3,3,2
201,100,448,48,1,2,3,6,4,4,5,4,2,2,4,6,1,1,1,6,5,6,1,6,2,4,5,5,4,5,5,2,5,4,2,5,6,6,6,6,4,4,4,6,7,6,6,6,7,7,6,6,6,7,6,6,6,5,6,4,3,3,2,4
202,100,454,43,1,0,1,4,1,NA,6,1,2,2,2,2,2,6,4,2,2,4,1,7,4,6,6,6,3,2,7,5,2,1,1,3,2,5,5,6,5,6,7,7,4,5,7,7,7,7,6,7,6,4,2,5,6,7,7,5,3,4,2,3
203,100,527,64,1,0,4,7,3,6,3,4,2,5,4,1,5,5,5,1,1,6,2,3,1,7,4,4,5,4,4,2,4,4,4,4,4,6,6,6,6,6,7,7,4,6,6,6,4,7,7,7,7,7,7,6,6,6,7,4,5,5,5,3
204,100,854,51,1,0,2,7,5,3,5,1,2,3,2,1,2,2,2,1,1,2,1,5,1,6,7,6,5,6,5,2,2,1,1,3,3,5,5,5,5,5,5,5,5,5,5,5,6,7,7,5,5,7,6,6,5,5,3,5,5,5,5,1
205,100,663,43,1,20,4,7,2,NA,5,5,5,5,5,4,4,4,5,3,3,4,4,4,4,5,5,5,5,5,5,5,5,5,5,5,5,5,5,5,3,3,7,7,4,4,5,5,5,7,6,7,6,7,6,6,7,7,7,4,4,3,1,1
206,100,783,26,1,10,3,6,1,NA,2,5,2,3,6,2,1,2,1,6,3,6,1,6,4,3,6,5,7,7,7,2,3,5,6,7,7,6,6,7,5,7,2,7,7,7,7,7,7,7,7,7,7,7,7,7,2,5,7,5,5,5,5,1
207,100,633,38,1,0,3,5,2,NA,1,5,1,2,3,1,3,5,1,6,2,6,1,5,1,5,6,5,5,5,5,4,4,3,4,5,4,6,6,6,5,6,6,7,6,6,6,6,6,7,6,7,6,7,6,7,7,7,7,5,4,5,4,3
208,100,630,26,2,80,5,8,1,NA,2,1,2,1,1,2,6,1,1,2,1,2,1,2,1,6,5,5,6,4,4,2,5,5,4,2,2,7,7,7,7,7,7,7,7,7,7,7,7,7,7,7,7,7,7,7,7,7,7,5,5,5,4,1
209,100,400,27,1,100,5,8,1,NA,1,5,1,1,1,1,1,1,1,1,1,5,1,1,1,6,7,7,7,7,5,3,5,5,5,3,2,7,7,7,2,6,7,7,4,4,7,7,7,7,7,7,7,7,7,7,7,7,7,3,5,5,5,3
210,100,487,40,2,0,2,5,1,NA,5,5,3,2,2,2,3,3,4,5,6,6,2,4,4,5,5,5,6,5,4,3,4,3,6,4,4,6,6,6,6,6,6,6,7,7,6,7,7,7,6,7,6,7,6,6,7,7,7,5,3,4,2,4
211,100,952,35,2,0,2,5,1,NA,6,6,5,2,2,5,3,3,3,6,5,5,1,5,2,6,7,7,6,6,6,6,7,7,5,3,3,2,2,2,2,2,2,5,3,2,3,3,3,6,2,6,2,6,2,5,6,4,4,4,2,3,1,1
212,100,454,48,1,10,4,7,1,NA,2,3,2,4,3,2,3,2,3,4,2,5,2,5,3,5,5,5,5,5,5,4,4,4,4,5,5,6,6,6,5,6,7,6,6,6,6,7,6,7,6,7,6,7,6,7,7,7,6,4,4,3,2,1
213,100,574,29,1,100,4,7,1,NA,5,4,2,2,2,3,3,3,5,2,1,5,1,4,1,5,6,5,3,5,4,2,5,5,2,5,3,6,6,4,4,6,7,7,4,6,6,6,4,7,5,7,5,7,5,7,7,7,7,4,4,4,2,3
214,100,538,43,1,80,5,8,1,NA,6,2,2,2,2,2,2,2,2,1,2,6,3,2,2,5,5,2,2,7,5,2,2,2,2,7,5,7,7,6,4,4,6,6,2,2,6,6,6,7,6,7,6,7,6,4,4,7,1,4,4,5,3,3
215,100,534,34,1,0,2,5,4,6,1,4,3,2,6,2,1,1,1,6,5,5,2,6,2,6,5,3,7,6,5,6,3,2,6,7,5,4,4,6,4,4,4,4,5,5,5,7,6,7,5,5,5,6,4,5,4,4,4,3,3,3,2,3
216,100,318,36,1,0,2,5,1,NA,2,5,1,1,4,5,5,5,5,6,3,6,1,6,3,6,7,6,6,5,1,6,7,7,5,6,1,6,6,6,4,4,6,6,7,6,6,6,6,7,6,7,6,7,6,6,7,7,2,3,5,4,2,2
217,100,608,70,1,0,4,7,1,NA,3,5,1,5,4,1,2,2,2,4,4,4,2,4,4,5,4,4,4,4,5,4,4,4,4,5,5,6,6,6,6,6,6,5,6,6,6,6,6,7,6,7,6,7,6,7,6,7,7,1,1,4,4,4
218,100,931,31,2,0,1,4,2,NA,4,7,3,5,5,4,6,6,6,5,3,6,1,4,7,4,5,7,5,6,5,5,5,5,4,5,5,6,6,6,5,6,7,7,5,6,4,6,4,7,6,6,5,7,6,6,7,7,6,3,3,2,2,1
219,100,386,32,1,80,5,8,1,NA,1,1,1,1,1,1,1,1,1,1,1,5,1,1,1,6,5,5,5,3,5,1,1,2,1,1,1,7,7,7,7,7,7,7,7,7,7,7,6,7,7,7,7,7,7,7,7,7,7,5,5,5,5,1
220,100,379,46,1,10,5,8,1,NA,5,5,2,1,1,1,1,1,4,1,1,1,1,1,1,7,7,7,7,7,7,2,3,5,5,1,1,7,7,7,7,7,7,7,7,7,7,7,7,7,7,7,7,7,7,7,7,7,7,5,5,5,5,3
221,100,1407,46,1,1,3,5,5,2,5,5,3,1,5,2,1,1,2,5,4,5,1,5,4,6,4,5,7,6,5,5,4,5,4,6,5,5,5,5,4,5,6,4,3,4,5,7,7,6,5,6,5,4,4,4,3,5,4,3,2,2,3,3
222,100,345,31,1,0,5,8,5,1,2,2,2,2,2,2,2,2,2,5,2,2,2,4,2,4,5,5,5,2,2,2,3,5,2,2,2,7,7,7,7,7,4,4,7,7,4,4,6,7,7,7,7,7,4,6,4,7,4,4,4,3,3,1
223,100,3861,49,1,4,5,8,1,NA,3,2,1,1,1,2,1,1,1,1,1,6,5,2,1,2,2,2,3,3,2,2,1,1,1,2,2,7,7,7,7,7,7,7,7,7,7,7,7,7,7,7,7,7,7,7,7,7,7,5,5,3,4,4
224,100,267,38,1,10,5,8,1,NA,1,1,2,1,1,1,3,2,1,1,1,5,1,1,1,6,6,6,6,4,3,2,2,2,2,2,2,6,6,6,4,6,7,7,7,7,7,7,7,7,7,7,7,7,7,7,7,7,7,5,4,5,4,2
225,100,584,70,2,0,3,6,1,NA,1,2,2,1,1,1,1,1,1,2,2,2,1,5,4,5,4,3,5,3,4,2,2,2,4,3,4,6,6,6,6,6,4,4,5,5,6,6,4,7,6,7,6,7,6,7,6,7,7,5,5,5,5,4
226,100,345,63,2,0,4,8,1,NA,6,7,6,6,6,3,7,7,7,3,6,7,1,7,4,7,5,5,6,7,7,7,5,2,7,7,7,5,5,5,2,2,6,7,6,5,6,6,7,5,5,7,6,7,6,6,5,4,4,3,3,2,2,1
227,100,871,68,1,0,3,6,1,NA,5,5,2,4,5,2,1,1,1,5,2,5,1,6,2,4,5,5,5,5,5,3,4,4,5,5,5,5,5,6,4,4,4,4,4,4,4,5,5,4,4,7,6,7,6,7,7,7,7,4,3,3,3,1
228,100,699,74,1,0,1,4,1,NA,2,2,2,2,2,2,2,2,2,6,6,6,2,7,5,2,1,1,1,1,1,1,1,1,1,1,1,7,7,7,4,4,4,4,4,7,6,4,4,7,7,7,7,7,7,7,7,7,7,5,5,5,5,3
229,100,368,59,1,25,4,7,1,NA,4,4,5,4,4,2,4,4,4,3,2,5,1,6,4,4,5,5,5,3,2,5,4,5,3,3,3,6,6,6,6,7,7,5,4,5,6,7,6,7,6,7,6,7,6,6,6,7,7,4,4,4,4,1
230,100,4573,36,1,25,5,8,2,NA,5,3,4,1,1,5,5,5,1,5,1,5,1,4,1,5,7,7,6,4,5,4,5,5,1,4,5,7,7,6,4,5,6,7,1,4,4,6,5,7,6,6,6,7,6,6,6,7,6,5,4,5,3,1
231,100,587,35,1,60,5,8,1,NA,1,1,1,1,1,1,1,1,1,1,1,1,1,1,1,6,6,6,6,6,4,3,2,2,2,2,1,7,7,7,7,7,7,7,7,7,4,7,4,7,7,7,7,7,7,7,7,7,7,5,5,5,5,1
232,100,525,72,1,5,5,8,1,NA,2,3,2,2,2,2,2,2,2,2,2,2,1,2,2,5,5,5,5,4,4,2,2,1,2,2,2,7,7,7,7,7,7,7,7,7,7,7,7,7,7,7,7,7,7,7,7,7,7,5,5,5,5,4
233,100,311,46,1,0,2,5,1,NA,1,2,6,1,1,4,5,4,2,6,2,5,2,6,2,5,6,6,7,4,3,5,2,2,6,2,1,6,6,6,7,4,3,2,4,6,7,6,6,7,6,6,5,6,5,4,5,6,6,3,3,2,1,3
234,100,320,34,1,25,3,6,1,NA,1,1,1,1,1,1,1,1,1,1,1,3,1,5,1,2,6,6,2,4,5,2,6,6,5,3,3,6,6,6,7,7,7,7,4,4,5,5,5,7,7,7,7,7,7,6,7,7,7,5,4,5,3,3
235,100,309,41,2,0,2,4,2,NA,7,6,6,2,2,2,4,4,2,6,4,6,1,6,2,2,7,7,7,7,7,4,6,5,5,7,7,2,2,2,2,2,5,2,2,2,2,2,2,7,6,7,2,7,2,2,7,7,7,3,3,3,3,1
236,100,377,58,1,20,5,8,4,2,5,1,2,1,1,1,2,2,1,1,1,3,1,4,1,5,6,7,7,6,7,5,6,3,3,7,7,7,7,7,7,7,7,7,4,4,4,7,7,7,7,7,7,7,7,7,7,7,7,5,5,5,3,4
237,100,1486,44,1,0,1,4,1,NA,3,5,1,1,2,1,1,1,1,4,2,6,1,6,1,2,4,3,7,6,5,1,3,1,2,5,1,7,7,7,7,7,7,7,4,5,6,7,4,7,7,7,7,7,7,7,7,7,7,5,5,5,2,3
238,100,963,58,2,10,5,6,1,NA,1,1,1,1,1,1,1,1,1,7,6,7,1,7,7,4,4,4,4,4,4,4,1,1,1,4,4,7,7,7,7,7,4,4,7,7,7,7,7,7,7,7,7,7,7,7,4,4,4,5,5,5,5,1
239,100,548,72,1,0,2,5,2,NA,5,6,2,2,5,2,2,2,2,6,4,4,1,6,4,5,4,4,3,6,6,3,4,4,3,5,5,6,6,6,4,4,4,4,5,5,7,6,5,6,6,6,6,6,6,7,5,5,6,4,4,2,2,3
240,100,223,41,1,35,5,8,1,NA,1,1,1,1,1,1,1,1,1,1,1,6,1,1,2,6,7,7,5,6,5,1,1,1,1,6,1,7,7,7,7,7,7,7,7,7,7,7,7,7,7,7,7,7,7,7,7,7,7,5,5,5,5,1
241,100,397,47,2,1,4,7,4,3,5,5,4,7,7,3,3,2,4,4,4,6,1,6,4,6,6,6,4,4,3,5,6,6,4,6,4,6,6,6,4,4,5,6,4,4,5,7,6,7,6,6,5,7,6,6,4,6,6,3,3,3,1,3
242,100,641,87,1,1,2,5,1,NA,5,7,1,7,7,3,1,1,1,1,1,4,1,6,4,2,5,3,1,3,5,1,3,3,1,3,4,3,3,3,3,3,3,3,4,6,1,4,7,7,7,6,6,5,6,6,7,7,7,4,5,4,4,3
243,100,466,47,1,5,5,8,2,NA,5,3,3,2,2,1,2,2,2,2,1,6,2,2,1,6,6,6,6,5,6,2,5,5,3,4,4,7,7,7,7,7,4,7,4,7,7,7,4,7,7,7,7,7,7,7,7,7,7,5,5,5,3,1
244,100,2002,33,2,0,3,6,1,NA,1,5,2,2,2,2,4,4,4,6,2,4,1,4,4,4,4,4,5,4,5,4,3,4,5,4,4,6,6,6,2,6,7,7,6,6,7,7,6,7,6,7,6,7,6,6,7,7,6,4,3,4,4,1
245,100,394,70,1,0,3,5,1,NA,5,6,1,1,5,1,1,1,1,7,3,6,1,1,4,5,6,6,6,6,5,5,5,5,5,5,5,6,6,6,5,6,7,7,5,5,5,5,5,7,6,6,5,7,5,6,7,7,7,4,4,4,4,4
246,100,338,67,1,0,5,8,1,NA,2,2,2,2,2,2,2,2,2,6,2,6,2,2,6,4,4,4,4,4,4,2,2,2,2,2,2,6,6,4,4,6,6,4,6,6,4,6,6,4,4,6,6,4,4,6,6,4,4,5,3,5,4,1
247,100,3074,34,1,0,1,4,2,NA,2,5,5,1,1,1,3,4,5,2,2,6,1,2,1,6,3,5,6,2,4,6,3,5,6,3,4,2,2,2,2,3,5,6,2,2,5,2,5,5,3,5,3,5,3,5,5,5,5,3,3,2,2,1
248,100,509,42,1,0,3,6,3,1,5,6,5,5,5,3,4,5,5,3,2,4,1,5,2,6,7,5,7,7,7,6,5,5,7,7,6,5,5,6,5,5,7,7,5,6,7,7,7,7,5,7,5,7,5,6,7,7,7,4,4,4,4,3
249,100,551,28,1,100,5,8,1,NA,4,3,3,1,1,1,1,1,1,2,1,5,1,1,1,5,6,6,5,2,4,3,3,6,1,2,1,7,7,7,7,7,7,7,4,4,7,4,4,7,7,7,7,7,7,7,7,7,7,5,5,5,2,1
250,100,422,31,2,0,1,4,3,2,2,4,5,1,1,1,6,6,6,6,1,6,1,4,5,6,5,5,6,4,5,6,4,4,6,4,4,5,5,5,2,5,7,7,5,5,6,5,7,7,5,7,5,7,5,5,6,6,5,5,4,5,3,2
251,100,480,0,1,20,4,7,1,NA,5,5,4,5,5,3,7,7,7,6,2,6,4,3,7,5,5,5,5,5,5,5,5,5,5,5,5,6,6,6,4,7,7,7,7,7,7,7,6,6,7,7,6,5,5,6,7,7,6,4,4,4,4,1
252,100,427,35,1,10,4,7,2,NA,2,6,1,2,5,3,1,1,1,1,1,3,1,5,1,4,3,3,5,5,3,1,1,1,3,3,2,7,7,6,6,6,6,4,4,4,5,7,5,7,6,7,6,7,6,7,6,6,7,4,4,5,4,1
253,100,318,67,1,0,2,6,1,NA,2,3,3,1,1,4,1,1,1,5,6,6,1,3,1,3,5,5,5,3,2,2,2,2,2,2,2,6,6,6,6,6,6,6,6,6,6,6,6,7,6,7,6,7,6,6,6,7,7,4,3,3,3,3
254,100,626,71,1,0,2,5,3,6,5,6,6,4,5,3,6,4,4,7,4,7,2,6,6,7,6,6,7,6,6,6,5,4,7,5,6,3,3,4,4,5,4,6,4,4,5,6,6,6,5,6,5,6,5,5,6,6,6,4,4,4,4,3
255,100,444,35,1,5,2,4,4,4,5,5,7,4,5,6,7,7,7,6,5,4,3,6,5,6,7,7,7,5,5,6,7,7,7,5,5,5,5,4,1,5,7,6,4,3,6,6,6,3,3,5,4,3,1,1,5,6,3,3,1,2,1,1
256,100,396,65,1,0,1,4,1,NA,6,6,5,3,3,5,7,7,4,6,5,5,4,5,7,7,7,7,7,6,7,7,7,7,7,7,7,6,6,6,5,6,6,7,5,6,7,6,3,7,6,7,6,4,4,4,6,4,6,3,3,2,1,1
257,100,584,44,2,5,5,8,1,NA,5,5,1,1,1,5,1,1,1,1,1,1,1,5,1,5,7,7,1,5,2,2,5,5,1,5,1,7,7,7,4,4,4,4,4,4,7,7,7,7,7,7,7,7,7,7,4,7,7,5,5,5,5,3
258,100,896,55,1,1,2,5,3,6,2,5,5,5,6,2,1,1,4,5,2,7,2,5,1,6,6,5,6,4,5,5,5,5,7,5,3,2,2,2,2,2,2,4,2,2,3,6,6,7,5,7,4,7,4,6,6,7,7,4,4,2,2,3
259,100,375,31,1,60,5,8,1,NA,2,5,5,1,2,1,2,2,1,1,1,3,1,2,1,5,6,6,6,6,5,5,5,6,3,6,3,7,7,7,6,6,7,7,4,5,5,6,5,7,6,7,6,7,6,7,7,7,7,5,5,4,3,1
260,100,629,50,1,5,4,5,1,NA,1,5,1,1,3,1,1,1,1,2,2,3,1,6,2,5,6,6,5,5,5,2,5,5,2,4,3,7,7,7,7,7,7,7,6,7,6,6,6,7,7,7,6,7,6,6,6,7,7,5,5,5,5,3
261,100,390,41,1,20,5,8,1,NA,1,1,1,1,1,4,1,1,1,1,1,7,1,1,1,5,6,6,5,7,4,1,6,6,1,5,4,7,7,7,4,4,4,4,4,4,4,4,4,7,7,7,7,7,7,7,7,7,7,5,3,5,1,1
262,100,454,27,2,0,3,6,2,NA,5,5,5,3,3,3,5,5,4,6,6,6,3,5,3,6,6,6,5,6,6,5,5,5,5,5,5,5,5,5,6,6,6,6,6,5,5,5,5,5,5,6,6,6,6,6,6,6,6,3,3,3,3,3
263,100,335,33,2,0,2,5,1,NA,2,6,2,2,2,4,2,2,2,4,5,6,2,6,1,2,6,6,5,6,6,3,3,4,2,3,2,6,6,6,6,6,7,7,4,5,4,6,6,7,6,7,6,7,6,7,7,7,7,4,4,4,4,1
264,100,583,50,1,10,3,6,1,NA,3,2,1,1,1,4,1,1,1,2,1,7,4,4,2,2,6,6,2,5,4,2,3,5,1,4,2,6,6,6,6,6,4,4,4,6,4,4,4,7,6,7,7,7,7,7,4,NA,NA,4,4,5,4,4
265,100,266,35,1,0,1,4,2,NA,2,2,3,1,1,2,4,5,5,1,1,6,1,7,1,5,5,5,5,5,5,4,4,2,5,5,5,4,4,4,4,5,7,7,1,4,4,7,7,7,3,7,3,7,3,3,5,7,6,3,3,5,3,1
266,100,861,55,1,0,4,7,3,6,2,4,2,2,2,2,6,6,2,6,3,1,4,4,3,7,5,5,6,3,5,6,2,4,6,2,4,5,6,5,2,2,6,7,4,5,6,6,5,6,5,6,5,6,5,6,6,7,1,3,3,5,4,4
267,100,1358,63,1,0,1,4,2,NA,6,2,7,2,2,2,2,2,2,2,6,2,6,6,2,5,5,5,2,5,2,5,2,2,2,2,2,4,4,4,4,4,4,4,4,4,4,4,4,6,6,6,6,6,6,4,4,4,4,2,2,2,2,2
268,100,480,44,1,0,3,5,1,NA,2,1,1,1,1,1,1,1,1,6,3,7,1,4,1,3,7,6,1,5,4,1,1,2,1,4,4,7,7,7,4,4,4,4,4,7,6,4,4,4,4,7,4,7,4,7,4,4,4,5,5,4,1,1
269,100,366,53,2,0,2,6,2,NA,3,6,6,4,6,2,7,7,7,2,2,6,1,4,2,7,5,4,7,6,4,7,4,4,7,4,4,5,6,6,5,5,7,6,5,5,7,6,6,5,4,5,5,6,6,6,4,6,6,4,3,3,3,3
270,100,587,39,2,0,2,5,3,3,2,4,2,2,2,2,5,5,4,7,5,5,2,5,3,5,6,3,5,3,3,5,6,2,5,3,2,6,6,6,4,6,7,6,7,6,6,5,6,7,5,5,5,3,2,5,5,5,3,4,3,4,3,4
271,100,336,63,1,4,5,8,1,NA,5,3,5,5,5,3,2,2,2,2,1,5,1,2,1,5,6,6,5,6,5,5,5,5,3,6,5,6,6,6,6,6,6,7,5,5,6,7,3,7,6,6,5,7,6,6,7,7,NA,4,4,4,4,1
272,100,14866,63,1,3,5,8,1,NA,5,2,1,1,1,2,1,2,1,1,1,2,1,1,1,5,5,5,5,2,4,2,5,6,6,2,1,7,7,7,7,7,7,7,7,7,7,7,7,7,7,7,7,7,7,7,7,7,7,5,5,5,5,3
273,100,470,41,2,0,1,4,3,6,6,7,6,1,6,1,3,5,7,5,5,6,3,5,3,7,7,6,7,7,5,7,6,3,7,6,3,4,4,4,4,4,6,7,4,4,5,5,5,7,4,6,4,7,4,5,6,6,4,1,1,4,1,4
274,100,317,52,1,0,2,6,4,4,3,5,3,6,5,3,6,6,4,5,5,6,2,4,4,5,6,7,5,5,3,5,5,5,6,5,3,6,6,5,4,4,6,6,5,5,5,5,5,7,5,5,5,7,6,6,7,7,5,4,5,4,3,1
275,100,896,55,1,25,5,8,2,NA,2,2,2,1,2,3,2,2,2,1,1,5,1,4,2,5,5,5,5,6,4,5,3,4,4,5,2,7,7,7,4,4,4,1,4,7,7,4,4,NA,NA,NA,NA,NA,NA,NA,NA,NA,NA,5,3,5,3,4
276,100,758,39,2,50,5,7,1,NA,3,5,2,1,1,1,1,1,2,1,1,3,1,3,1,5,6,6,5,3,3,2,3,3,3,3,2,6,6,6,6,6,6,7,6,6,7,6,6,7,6,7,6,7,6,7,6,7,7,5,5,4,4,3
277,100,494,32,2,0,1,4,3,3,6,6,7,2,2,1,2,4,5,5,3,7,2,6,4,6,7,5,7,7,6,6,7,5,7,6,4,5,5,5,1,1,3,6,4,4,6,3,5,7,5,6,5,7,5,6,2,6,7,4,3,2,1,1
278,100,711,41,1,0,1,4,4,4,5,3,4,2,2,5,6,6,6,5,3,7,3,4,3,6,6,6,6,6,6,6,6,6,6,6,6,4,4,4,4,5,5,7,5,6,7,7,7,7,4,7,4,7,4,4,5,6,6,3,3,3,2,3
279,100,260,41,1,0,3,6,5,4,6,6,7,1,1,1,7,7,7,7,5,7,1,6,1,6,7,6,7,7,7,7,7,1,7,7,7,4,4,4,4,4,4,4,4,4,4,4,4,7,7,7,7,7,7,4,7,7,7,1,4,3,3,4
280,100,452,45,1,5,3,6,2,NA,5,5,5,2,2,4,5,5,5,5,4,5,4,5,3,5,5,5,5,5,5,5,5,4,5,5,5,5,5,5,3,5,5,5,4,5,5,5,5,6,5,6,5,5,5,5,6,6,5,4,3,3,3,3
281,100,424,32,2,0,3,6,1,NA,3,6,3,2,2,2,3,3,5,4,4,3,1,6,1,6,6,6,7,4,4,6,4,5,7,5,5,6,6,6,2,2,7,7,7,5,7,6,6,7,5,7,5,6,5,4,6,7,5,4,3,4,3,1
282,100,383,64,1,0,3,7,2,NA,2,6,2,1,4,3,2,2,2,5,3,5,2,6,2,5,5,5,3,4,3,2,2,3,2,4,2,7,7,6,5,5,4,4,5,5,4,5,2,4,5,5,5,6,6,6,4,4,4,4,3,4,2,3
283,100,581,33,1,2,5,7,4,6,1,3,5,2,2,1,5,4,3,1,1,3,1,2,2,5,7,7,7,2,2,6,1,1,7,1,1,7,7,7,7,7,7,7,4,7,7,7,7,7,7,7,7,7,7,7,7,7,7,5,4,4,3,4
284,100,236,48,1,0,3,6,2,NA,4,5,3,4,5,4,3,3,3,5,4,7,1,5,5,4,4,4,4,4,4,3,3,3,3,3,5,5,5,5,4,5,5,5,6,6,5,6,5,7,6,7,6,7,6,6,7,7,7,4,4,3,3,1
285,100,499,58,1,2,4,6,2,NA,2,6,5,5,2,2,4,4,4,5,5,6,5,7,6,7,5,5,6,6,6,6,2,2,6,6,6,5,5,5,5,5,7,7,5,6,7,6,7,6,6,6,5,7,6,6,6,6,6,3,3,3,3,1
286,100,218,36,1,0,3,5,2,NA,1,5,2,1,6,7,7,7,7,6,6,7,2,5,7,4,6,6,6,6,6,4,4,4,6,5,5,7,7,7,7,7,7,7,7,7,7,2,2,7,7,7,7,7,7,7,7,7,7,5,5,5,5,1
287,100,412,47,1,0,2,5,1,NA,6,5,6,3,2,4,5,3,6,7,6,5,1,4,1,6,7,7,7,7,6,6,7,7,7,6,6,4,4,4,4,4,7,6,5,5,6,5,5,7,4,7,4,7,4,5,6,7,7,4,3,3,1,1
288,100,344,67,2,3,1,4,1,NA,1,5,1,1,1,1,1,1,1,1,1,5,1,5,1,1,1,1,1,1,1,1,1,1,1,1,1,7,7,7,7,7,4,1,6,7,7,4,7,7,7,7,7,7,7,7,1,1,1,5,1,5,3,4
289,100,413,48,1,4,3,6,1,NA,2,5,2,2,2,2,2,2,2,6,2,5,2,6,2,6,6,6,6,4,5,3,4,4,5,4,4,5,5,5,5,5,3,5,5,5,5,7,7,7,6,6,5,6,5,7,6,7,7,4,3,4,3,1
290,100,738,35,2,3,5,8,1,NA,2,6,2,1,1,1,2,2,1,4,1,7,1,2,1,2,6,5,3,5,3,2,5,5,1,3,3,7,7,7,7,7,7,7,4,4,7,4,4,7,7,7,7,7,7,7,7,7,7,5,5,3,2,4
291,100,654,68,1,5,5,8,1,NA,3,5,1,1,1,1,2,2,1,5,2,6,1,2,2,6,6,5,5,5,4,2,5,5,1,5,4,7,7,7,7,7,7,7,7,7,7,7,7,7,7,7,7,7,7,7,7,7,7,5,5,5,5,3
292,100,423,53,1,25,5,8,2,NA,3,3,1,1,1,1,1,1,1,1,1,2,1,2,1,5,6,6,6,5,4,1,1,1,1,1,1,7,7,7,7,7,7,7,7,7,7,7,7,7,7,7,7,7,7,7,7,7,7,5,5,5,5,1
293,100,506,40,2,10,5,8,2,NA,4,5,2,1,2,2,1,1,1,4,2,3,3,4,1,5,5,5,3,4,2,1,4,4,1,2,1,7,7,7,7,7,7,7,4,5,7,7,7,4,5,7,7,5,5,5,5,6,6,5,5,5,4,3
294,100,434,43,1,0,1,6,4,6,6,6,6,3,3,4,5,7,7,7,6,7,3,5,4,6,7,6,4,5,4,6,5,6,1,5,5,6,6,5,1,6,7,6,5,5,6,6,6,7,5,3,5,3,3,5,7,7,5,4,3,4,2,3
295,100,694,56,2,2,3,6,2,NA,5,5,4,2,3,1,5,4,2,3,2,5,1,4,2,5,6,5,7,7,7,5,6,5,6,7,6,5,5,6,5,5,7,6,4,3,7,7,6,7,6,7,6,7,6,6,6,6,7,3,3,3,2,3
296,100,515,53,2,0,5,8,2,NA,6,4,2,2,2,2,2,2,6,6,6,6,1,2,2,6,5,4,6,4,6,4,4,4,4,4,4,6,6,6,6,7,7,7,6,6,6,6,6,7,7,7,7,7,7,7,7,7,7,3,4,4,4,3
297,100,559,68,1,2,5,8,1,NA,1,5,2,2,2,5,2,2,2,2,2,6,1,5,1,6,2,2,6,5,5,5,2,2,2,2,2,7,7,7,7,7,7,7,7,7,7,7,4,7,7,7,7,7,7,7,7,7,7,4,3,4,2,3
298,100,659,72,1,4,5,8,1,NA,5,2,3,4,4,2,2,2,1,6,2,6,2,6,2,5,3,2,7,4,5,6,3,2,6,5,4,7,7,7,7,7,2,3,5,5,7,7,6,7,7,5,5,7,6,7,4,7,2,5,5,4,4,2
299,100,446,64,2,0,2,5,1,NA,4,6,2,2,2,2,4,4,4,4,2,7,2,7,4,7,6,6,7,5,4,4,4,4,4,4,4,7,7,7,7,7,7,7,7,7,7,7,7,7,7,7,7,7,7,7,7,7,7,5,4,4,3,3
300,100,534,63,1,0,2,5,1,NA,6,4,5,1,1,2,1,1,1,7,4,7,1,3,1,6,7,5,7,7,7,4,5,5,4,6,7,4,4,4,4,5,6,7,4,4,5,6,6,7,7,7,6,7,6,6,7,7,7,2,2,2,1,3
301,100,325,40,1,20,3,6,5,5,4,5,4,4,4,4,4,4,4,4,4,5,4,6,4,6,5,5,6,6,6,4,3,3,5,5,5,7,7,7,7,7,4,4,5,7,7,7,5,7,7,5,5,5,5,5,5,5,5,4,3,2,2,3
302,100,476,41,2,0,2,6,4,2,5,5,2,2,2,5,3,4,2,2,1,3,2,6,1,5,4,4,4,4,4,3,2,5,1,2,3,6,6,6,6,6,7,7,6,6,7,6,6,7,6,7,6,6,6,6,6,7,7,4,4,5,4,3
303,100,556,34,2,5,3,6,2,NA,3,5,2,3,3,5,2,2,2,5,2,6,2,6,4,4,6,6,6,6,6,5,5,5,5,5,5,7,7,7,4,4,4,6,5,6,6,7,6,7,6,7,6,7,6,7,7,7,7,5,5,4,4,4
304,100,457,67,1,0,1,4,2,NA,1,4,5,1,1,2,4,4,4,7,7,7,1,4,4,4,4,4,5,5,4,4,1,1,1,1,4,6,5,5,5,5,5,4,4,6,6,6,6,6,6,7,5,6,6,5,6,6,6,3,3,2,1,1
305,100,403,42,1,0,5,7,1,NA,5,4,5,4,4,3,3,3,3,6,1,5,1,5,2,6,7,7,6,6,5,5,3,5,5,3,3,7,7,7,6,6,7,7,7,7,7,7,5,7,7,7,7,7,7,7,7,7,7,5,5,5,5,1
306,100,322,39,1,0,2,5,1,NA,2,5,2,2,5,2,2,2,2,6,5,5,1,7,2,2,5,5,4,5,4,5,5,3,2,5,3,6,6,6,6,7,7,7,6,6,6,7,7,7,6,7,6,7,6,7,7,7,7,4,3,3,1,3
307,100,28846,39,2,4,5,8,1,NA,3,2,2,2,2,1,2,2,5,1,1,6,1,4,1,3,7,7,7,7,7,4,4,4,1,4,4,7,7,7,7,7,7,7,7,7,7,7,7,7,7,7,7,7,7,7,7,7,7,5,5,5,5,4
308,100,438,49,2,0,5,4,4,2,6,6,2,2,3,3,6,6,4,7,2,7,1,5,5,6,7,5,7,6,6,6,6,3,7,6,6,5,5,6,6,6,6,7,5,5,5,6,6,7,6,6,5,7,6,6,6,7,7,5,5,5,2,3
309,100,403,29,2,0,1,6,1,NA,2,5,2,1,5,5,2,2,2,5,5,5,1,6,4,5,7,7,4,7,5,4,6,5,4,6,4,5,5,6,4,4,7,7,5,6,6,6,6,7,4,7,4,7,4,6,5,7,7,3,3,4,1,1
310,100,745,66,1,0,2,5,4,1,2,5,2,6,5,1,2,2,2,5,3,3,2,7,2,5,4,4,5,5,5,4,3,3,5,4,3,6,6,5,6,6,6,3,3,6,5,7,7,5,5,4,5,6,6,5,2,6,6,5,4,5,4,1
311,100,424,45,1,0,1,4,1,NA,7,4,7,1,1,3,4,4,7,4,1,7,1,1,1,7,5,5,7,5,3,7,7,7,7,3,3,1,1,1,1,1,7,1,1,1,1,1,1,6,1,6,1,6,1,4,6,3,5,1,1,2,1,3
312,100,473,57,2,0,2,5,1,NA,3,5,2,4,4,1,4,3,5,2,5,5,1,6,1,6,3,4,7,2,4,6,2,2,7,4,4,5,5,5,5,6,6,6,4,4,6,6,6,7,5,7,5,5,4,5,4,6,4,4,3,4,3,3
313,100,286,34,1,0,3,5,4,2,2,6,2,2,2,4,2,2,2,7,4,7,1,1,1,4,5,5,3,6,5,2,6,6,2,6,2,6,6,6,5,6,7,7,6,5,6,6,5,7,6,7,6,7,6,6,7,7,7,5,3,4,1,1
314,100,705,52,1,0,3,6,2,NA,7,6,7,6,6,1,4,4,4,1,1,7,6,2,1,6,4,2,4,6,6,6,4,2,4,6,6,4,4,5,5,5,5,5,2,4,5,5,5,6,6,1,1,6,6,3,7,7,1,3,3,2,2,3
315,100,521,41,1,0,3,6,2,NA,5,5,4,2,2,2,2,2,2,7,5,7,1,6,4,6,7,5,6,7,6,3,3,4,6,5,6,6,6,6,5,5,4,7,5,5,7,7,7,7,6,7,6,7,6,7,5,7,7,4,4,2,2,3
316,100,540,45,2,0,1,4,4,1,5,7,4,6,6,3,5,5,4,5,3,4,5,3,5,5,5,5,5,5,5,5,5,5,5,5,5,3,3,4,4,4,4,7,5,5,7,7,7,2,2,2,2,2,2,3,3,3,1,3,3,3,3,3
317,100,336,66,1,0,1,4,1,NA,6,4,7,2,2,2,2,2,1,6,6,6,1,4,4,7,7,6,6,6,6,7,6,5,5,6,6,1,1,1,1,1,6,4,2,2,4,5,2,7,6,2,2,7,6,6,6,6,6,3,3,2,2,3
318,100,960,51,1,5,5,8,1,NA,6,3,3,1,2,3,2,2,2,4,1,6,1,1,1,4,5,5,5,3,3,2,4,5,1,2,2,7,7,7,4,7,7,7,7,7,7,7,7,7,7,7,7,7,7,7,7,7,7,5,4,5,3,3
319,100,469,37,1,0,2,5,1,NA,7,6,5,2,2,5,5,4,3,4,5,5,2,4,3,4,6,6,5,4,4,5,5,5,4,4,4,4,4,4,5,4,6,6,4,4,5,4,4,6,5,7,5,6,5,4,5,5,5,3,3,3,3,3
320,100,677,68,1,5,4,7,1,NA,4,5,2,2,2,2,2,2,1,5,1,5,1,2,2,5,3,3,5,3,5,3,2,2,2,2,3,5,5,5,6,6,4,5,4,4,5,4,4,6,6,5,5,6,6,5,4,4,4,5,5,5,3,4
321,100,857,39,2,2,5,8,1,NA,1,4,1,1,1,4,1,1,1,5,1,4,1,1,1,6,6,7,6,5,4,2,4,5,1,1,2,7,7,7,7,7,7,7,7,7,7,7,7,7,7,7,7,7,7,7,4,7,7,5,5,5,5,4
322,100,335,30,1,10,4,7,2,NA,2,5,3,2,5,2,2,2,2,1,1,6,1,5,5,3,5,4,2,2,5,2,2,2,2,2,2,6,6,6,5,6,7,7,5,4,5,6,5,7,6,7,6,7,6,7,7,7,7,5,4,5,4,3
323,100,2232,34,1,0,2,7,4,2,2,7,2,2,2,2,2,2,2,4,2,5,1,6,2,2,7,7,3,7,3,3,4,4,2,6,4,7,7,7,4,4,4,7,5,4,4,4,6,7,7,7,5,7,5,6,4,7,7,5,3,4,1,3
324,100,571,51,2,4,4,6,2,NA,3,5,2,2,5,4,3,3,2,4,2,4,2,5,2,5,6,6,6,6,5,2,5,5,3,6,6,6,6,6,6,6,6,7,7,7,6,6,7,7,6,7,6,7,6,7,6,7,7,4,4,4,4,3
325,100,915,45,1,0,1,5,1,NA,4,5,7,1,2,1,5,5,6,7,7,7,1,5,4,2,6,6,7,2,5,2,6,6,7,5,5,5,5,5,5,5,6,6,6,6,7,6,6,7,7,7,7,7,7,6,1,1,1,5,5,5,5,4
326,100,544,40,2,10,4,7,3,6,2,2,2,2,2,2,2,2,2,2,2,1,1,2,2,4,2,3,3,4,3,2,2,2,2,2,2,6,6,6,6,6,6,6,6,6,6,6,6,7,6,7,6,7,6,6,6,6,6,5,5,5,2,3
327,100,402,39,1,50,5,8,1,NA,1,2,1,2,2,2,1,1,1,5,2,6,1,2,3,5,6,6,6,5,5,2,3,3,3,2,3,7,7,7,4,4,4,6,6,7,6,6,6,7,7,7,7,7,7,7,4,4,4,5,4,5,4,1
328,100,565,39,2,0,1,4,3,3,6,7,6,5,3,2,5,5,5,5,6,6,1,3,2,6,6,6,6,6,6,6,6,6,6,6,6,5,5,5,5,5,6,6,6,6,6,6,6,7,6,7,6,7,6,6,6,7,7,2,2,3,1,2
329,100,390,32,2,20,4,7,4,4,5,7,2,1,1,6,3,2,4,6,1,6,1,3,1,6,6,5,5,3,5,3,6,5,3,2,3,6,6,7,6,6,7,7,5,4,6,6,5,7,7,7,7,7,7,7,5,6,5,4,5,4,4,2
330,100,2529,41,1,5,4,7,3,6,6,3,5,3,3,3,6,5,3,7,3,6,1,3,2,5,6,6,5,6,6,5,5,6,5,5,5,7,7,7,7,7,7,7,7,7,7,4,4,7,7,7,7,7,7,7,7,7,7,5,5,5,5,4
331,100,874,40,1,0,5,7,2,NA,2,4,3,1,2,3,4,5,6,7,1,7,1,2,2,5,7,7,6,5,2,2,4,4,6,3,2,7,6,6,5,6,7,7,5,6,6,6,5,7,6,7,6,7,6,6,7,7,7,5,4,5,2,1
332,100,488,56,2,0,1,4,5,4,7,7,6,7,3,2,5,5,6,6,5,5,1,7,5,7,3,3,5,7,7,7,3,3,5,6,7,5,5,6,6,6,7,7,7,7,7,7,7,7,6,6,6,7,6,7,6,7,7,4,3,4,3,1
333,100,1011,60,1,0,2,5,4,3,6,7,5,3,6,2,6,6,6,5,2,7,5,2,3,7,6,5,7,7,6,7,5,3,7,7,5,3,2,2,1,1,5,3,1,1,3,4,5,3,3,1,1,1,1,1,1,1,1,2,1,2,1,2
334,100,484,37,1,0,2,4,4,2,2,5,7,4,4,6,5,7,7,6,1,3,1,4,4,5,6,5,7,5,7,7,5,4,7,7,7,6,6,5,5,6,7,7,5,4,7,7,6,6,6,7,7,7,7,5,4,6,4,3,2,3,1,2
335,100,571,53,1,2,5,8,3,4,1,5,1,1,4,3,1,1,1,1,1,6,1,1,1,5,7,7,7,6,3,1,5,7,1,5,1,7,7,7,7,4,4,7,4,7,5,6,4,6,6,7,6,7,6,7,7,7,7,5,4,5,4,1
336,100,467,40,1,0,3,5,2,NA,4,6,4,2,3,4,4,2,5,6,5,6,3,6,4,4,5,5,5,5,4,5,4,4,5,5,4,5,5,4,5,6,7,7,4,5,6,5,5,4,4,6,5,4,4,4,6,6,5,4,3,4,2,1
337,100,733,48,1,5,5,8,1,NA,2,3,1,1,1,1,2,2,1,3,1,7,1,1,1,6,6,5,7,5,6,2,3,3,1,3,3,7,7,7,7,7,7,7,7,7,7,7,7,7,7,7,7,7,7,7,7,7,7,5,5,5,5,1
338,100,332,37,1,50,5,8,2,NA,1,2,1,1,1,1,1,1,1,1,1,1,1,1,1,2,2,5,2,5,2,1,1,1,1,1,1,7,7,7,7,7,7,7,7,7,7,7,7,7,7,7,7,7,7,7,7,7,7,5,5,5,5,4
339,100,482,39,1,0,3,4,1,NA,1,1,1,1,1,2,2,1,1,7,6,6,1,6,6,3,3,3,2,2,2,2,2,2,3,2,2,6,6,5,5,6,7,7,6,6,5,5,4,7,6,7,6,7,6,6,7,7,6,3,3,3,2,1
340,100,489,32,1,5,4,7,2,NA,1,5,2,1,1,2,2,2,2,1,1,4,1,4,1,6,7,7,6,6,6,1,3,6,2,6,2,6,6,6,6,6,7,7,4,4,6,7,6,7,6,7,6,7,6,6,7,7,6,5,5,4,4,3
341,100,604,50,1,10,5,8,1,NA,5,3,5,1,1,1,1,1,1,4,1,4,1,1,1,6,6,6,2,5,5,3,2,5,1,2,4,7,7,7,7,7,7,7,7,7,7,7,7,7,7,7,7,7,7,7,7,7,7,5,5,4,1,1
342,100,434,50,1,0,3,5,4,2,5,5,3,2,2,2,2,2,1,1,2,6,1,5,1,6,5,5,5,6,4,4,3,3,2,3,5,5,5,5,5,5,6,6,4,6,4,5,5,7,6,7,6,7,6,6,5,6,6,4,4,4,4,1
343,100,84445,36,1,0,4,7,2,NA,3,3,2,2,2,1,2,2,2,5,2,6,1,6,2,3,6,6,3,5,2,2,5,5,3,5,3,6,6,6,6,6,6,7,6,6,6,7,6,7,7,7,7,7,7,7,7,7,7,5,4,5,4,4
344,100,645,71,2,10,1,4,3,6,7,7,7,2,5,1,7,7,7,5,2,5,1,5,1,7,7,2,7,7,7,6,4,2,6,7,7,5,5,5,6,6,7,6,4,5,7,7,7,7,6,6,6,7,6,6,7,7,7,4,3,3,2,4
345,100,467,48,2,0,2,4,2,NA,5,5,7,2,2,2,5,5,7,7,2,7,1,6,2,6,6,6,7,7,6,7,6,3,7,6,6,3,3,3,1,1,6,3,2,3,6,6,7,6,2,6,2,6,2,3,2,2,1,2,1,2,1,1
346,100,559,30,1,10,2,5,4,3,1,4,2,2,5,2,3,3,3,3,1,4,3,5,3,6,5,5,5,3,4,5,3,3,3,3,4,6,6,6,6,6,6,5,4,6,6,7,7,7,5,7,5,7,5,6,4,6,6,5,3,5,3,4
347,100,491,40,2,0,4,7,2,NA,5,3,2,1,2,2,2,2,3,5,3,3,1,5,1,2,6,6,5,5,4,2,5,5,4,5,2,6,6,6,6,6,7,7,6,6,7,6,6,7,6,7,6,7,6,7,7,7,7,5,4,5,4,4
348,100,515,50,1,80,3,6,1,NA,1,1,1,1,1,1,1,1,4,1,1,3,1,1,1,4,6,6,3,5,4,1,4,2,1,1,2,7,7,7,7,7,7,7,7,7,7,7,7,7,7,7,7,7,7,7,7,7,7,5,4,5,4,3
349,100,348,36,1,40,5,8,1,NA,5,5,4,1,4,2,5,4,6,2,1,1,3,7,1,5,5,6,6,6,6,5,5,5,5,6,6,7,7,7,5,6,7,7,7,7,7,7,7,7,7,7,7,7,7,7,7,7,7,5,5,5,5,3
350,100,15443,37,1,0,5,7,3,5,6,5,5,1,1,1,5,5,7,5,1,5,4,5,1,7,7,7,7,7,7,6,3,1,6,7,5,7,7,7,5,7,7,7,7,7,7,7,7,7,7,7,6,7,6,7,7,7,7,5,5,5,5,1
351,100,474,34,1,0,2,5,3,6,6,5,6,4,4,4,4,4,3,6,5,6,4,5,4,6,6,5,3,5,6,6,5,5,3,5,6,2,2,4,3,3,5,5,2,2,5,5,5,7,5,7,5,7,5,6,6,6,6,2,2,2,2,1
352,100,3735,47,1,5,4,7,2,NA,3,6,4,1,2,4,4,4,4,5,1,4,1,6,1,6,6,7,5,6,5,4,5,7,5,5,5,7,7,7,7,7,7,7,7,7,7,7,7,7,6,7,6,7,6,6,7,7,7,5,5,3,3,1
353,100,371,61,1,0,1,4,2,NA,4,5,7,1,2,5,1,1,7,6,4,6,1,1,1,6,7,7,7,3,7,6,7,6,7,5,6,1,1,1,1,1,6,6,1,1,4,4,4,7,5,7,2,7,5,5,4,7,7,3,2,2,1,1
354,100,119665,32,1,20,4,7,1,NA,3,4,2,1,2,1,5,6,3,5,1,7,2,5,1,5,6,5,4,3,3,4,5,5,6,5,5,6,6,5,5,6,7,7,5,4,5,6,6,7,5,7,5,7,5,7,7,7,7,4,4,4,4,2
355,100,28790,41,1,0,2,5,1,NA,7,7,6,2,3,2,6,6,6,6,1,2,2,4,1,6,6,6,6,6,6,6,6,6,6,6,6,3,3,3,2,3,3,6,6,6,6,6,6,7,3,6,6,6,6,3,6,6,6,4,4,3,3,3
356,100,75736,45,2,10,3,6,1,NA,2,6,2,2,5,3,2,2,1,5,3,3,1,5,1,5,6,5,5,6,3,3,6,5,2,6,2,6,6,6,4,5,2,4,7,6,5,6,6,7,6,7,6,6,6,6,4,6,6,4,4,2,1,4
357,100,441,32,1,15,4,7,4,2,6,2,5,2,5,5,6,6,6,5,4,6,2,6,4,6,4,3,6,7,7,6,6,5,7,7,7,6,6,6,6,6,7,7,7,7,7,7,7,7,7,7,7,7,6,7,7,7,1,4,3,2,1,2
358,100,303,31,2,0,2,6,1,NA,4,5,5,2,4,5,3,6,6,6,2,4,1,7,2,6,3,5,4,5,5,6,3,4,3,6,6,5,5,4,4,6,6,6,6,5,6,7,7,6,5,3,5,5,5,1,2,7,4,3,3,2,1,3
359,100,398,40,2,5,1,5,1,NA,5,7,5,5,5,3,5,5,4,3,2,5,1,5,5,6,5,5,7,5,5,6,5,5,6,5,5,6,6,6,4,5,6,6,4,5,6,6,6,7,5,7,5,7,5,6,7,7,6,4,3,2,2,2
360,100,482,48,1,0,2,5,4,4,6,5,2,5,1,1,4,4,6,2,1,2,2,7,2,5,4,5,5,5,5,6,1,1,5,5,6,2,2,2,2,2,7,2,2,2,2,6,7,6,5,6,5,6,5,5,5,5,5,5,5,5,5,3
361,100,340,37,1,0,2,5,1,NA,1,1,3,1,1,1,1,1,1,1,4,6,1,6,1,5,5,5,5,1,1,2,5,5,1,1,1,4,4,4,4,4,4,7,4,5,4,6,6,7,6,7,6,7,6,6,4,4,4,4,3,3,2,1
362,100,390,50,2,0,1,5,1,NA,3,6,3,1,1,1,4,4,4,7,4,5,2,6,3,4,4,4,4,4,4,4,5,5,4,4,4,6,6,6,6,6,7,7,6,6,6,6,6,7,7,7,7,7,6,7,7,7,7,4,4,4,4,1
363,100,616,40,1,0,2,5,2,NA,5,6,7,4,4,3,3,6,4,6,4,7,1,4,1,6,5,5,7,5,5,5,3,3,7,5,5,2,2,5,2,5,7,7,5,5,6,7,7,5,3,4,3,4,3,5,6,6,4,3,4,3,4,4
364,100,544,38,2,10,4,7,1,NA,5,5,3,3,3,3,3,3,3,5,3,5,2,6,3,5,3,5,4,6,5,5,4,5,5,6,4,6,6,6,4,6,7,7,6,4,5,7,7,7,5,7,6,7,6,6,6,6,6,4,4,3,2,2
365,100,785,28,1,75,2,5,2,NA,4,6,2,3,5,3,2,2,2,3,3,2,2,5,2,4,6,6,3,6,2,2,5,5,3,5,2,6,6,6,5,5,6,6,5,5,6,5,4,7,6,7,6,7,6,6,7,7,7,4,4,3,3,4
366,100,719,30,2,0,2,5,4,6,3,5,2,2,2,5,3,5,4,5,3,5,3,6,3,5,7,7,5,6,6,6,7,7,5,5,6,4,4,4,5,6,6,7,3,3,5,6,6,7,6,5,4,7,6,6,4,5,6,3,3,2,2,1
367,100,403,32,1,0,1,4,3,3,7,7,4,1,3,2,7,7,7,6,5,6,1,7,5,7,7,7,7,7,7,6,7,7,7,7,7,5,5,5,4,6,7,7,4,4,7,7,7,7,4,5,5,5,4,5,7,7,7,3,2,2,2,1
368,100,688,37,1,25,5,8,1,NA,1,1,1,1,1,1,1,1,1,3,1,7,1,4,1,5,6,6,6,4,3,2,2,3,1,1,1,7,7,7,7,7,7,7,7,7,7,7,7,7,7,7,7,7,7,7,7,7,7,5,5,5,5,4
369,100,471,39,2,0,3,7,4,3,1,3,1,1,1,1,1,1,1,3,1,5,1,6,4,2,2,2,2,2,2,1,1,1,1,1,1,5,5,4,4,4,4,4,5,7,4,4,5,7,7,7,7,7,7,7,4,7,7,5,5,5,5,4
370,100,537,49,1,20,1,4,1,NA,3,4,1,1,1,1,1,1,1,1,1,6,1,7,1,5,7,7,6,4,4,3,1,2,1,2,1,7,7,7,7,7,7,7,7,7,7,7,7,7,7,7,7,7,7,7,7,7,7,5,4,5,5,1
371,100,336,29,1,4,4,7,1,NA,2,2,2,1,1,3,5,5,4,6,3,4,2,6,2,6,6,6,5,5,5,5,3,3,3,3,3,6,6,6,6,7,7,7,7,7,7,6,6,6,5,6,5,6,5,6,6,6,6,4,4,4,3,4
372,100,357,52,2,0,2,5,2,NA,3,7,5,5,4,4,5,5,5,7,7,7,1,5,1,6,6,6,6,6,6,6,6,6,6,6,6,5,5,5,5,6,7,7,6,6,7,7,7,6,6,6,6,6,6,6,6,7,7,4,3,3,2,4
373,100,380,56,2,0,4,7,1,NA,5,3,2,2,4,3,2,2,3,4,3,6,2,7,5,5,4,3,4,5,5,4,3,2,3,4,3,5,5,6,5,6,6,6,1,1,6,7,6,7,7,7,6,7,6,6,5,6,6,4,4,3,3,4
374,100,615,44,1,33,1,8,1,NA,1,1,1,1,1,3,3,3,7,1,1,7,3,1,1,7,6,6,5,6,5,1,1,1,1,5,3,7,7,7,1,7,7,7,4,4,3,3,2,7,7,7,7,7,7,7,2,2,2,5,4,5,4,3
375,100,710,36,1,5,3,6,1,NA,2,5,1,2,3,2,2,2,2,4,2,5,2,4,2,2,5,5,4,3,4,2,2,4,2,3,4,7,7,5,4,4,2,2,6,6,5,5,5,7,6,7,6,7,6,6,6,6,6,4,3,2,2,1
376,100,1357,48,1,0,4,5,4,3,5,7,3,5,6,3,6,6,4,6,3,4,5,7,4,3,5,5,5,4,5,2,3,2,2,5,4,6,6,4,3,7,7,7,6,6,6,5,5,5,4,6,5,6,5,5,6,6,6,4,3,4,3,1
377,100,385,46,1,0,2,5,2,NA,3,7,5,5,5,2,4,5,5,5,3,5,1,6,4,5,5,5,5,5,4,5,4,5,6,5,4,5,5,5,5,6,6,6,6,5,6,6,4,7,5,7,5,7,5,6,4,5,5,4,3,3,2,3
378,100,645,54,1,0,1,4,3,6,6,7,4,1,5,4,3,3,3,7,1,7,1,6,4,5,3,3,4,4,5,5,3,2,6,5,5,2,2,5,4,4,4,4,2,2,4,6,6,4,4,4,4,6,4,4,4,4,4,3,2,2,1,3
379,100,722,52,2,1,2,5,2,NA,5,3,7,2,2,2,2,6,6,4,3,6,2,6,2,7,6,6,7,6,6,7,6,5,7,6,6,4,4,4,2,3,6,7,4,4,7,7,7,7,5,7,5,7,5,5,6,7,4,3,2,2,1,3
380,100,525,57,2,0,3,6,4,2,3,5,3,5,5,2,4,4,5,7,6,6,1,6,4,5,4,4,7,5,6,7,6,6,7,5,5,5,5,5,1,2,6,6,6,6,7,6,7,7,7,7,6,7,6,5,6,7,7,3,2,2,1,3
381,100,794,33,2,0,3,6,3,5,1,5,2,1,1,6,3,5,1,5,3,6,1,6,1,2,6,6,5,2,2,2,6,6,2,2,2,5,5,4,3,6,7,6,5,4,4,6,5,7,6,7,6,7,6,6,4,6,5,4,4,3,2,3
382,100,491,30,1,50,4,6,2,NA,3,3,3,1,3,3,2,4,5,7,4,5,1,5,3,6,4,4,5,5,5,5,3,4,5,5,6,6,6,6,3,6,6,7,6,7,7,7,7,7,7,7,6,7,7,7,4,6,6,5,5,5,5,1
383,100,1045,45,2,0,2,5,3,6,3,4,2,4,4,2,4,4,4,6,6,6,1,5,4,5,5,5,4,5,5,4,4,4,3,4,4,5,5,5,5,5,6,6,6,6,6,5,5,7,7,7,7,7,7,7,7,7,7,4,4,4,4,4
384,100,414,60,1,0,2,5,1,NA,3,5,2,2,2,2,2,2,2,6,6,6,1,5,6,6,5,5,5,3,3,5,3,2,5,2,2,6,6,5,2,6,6,6,6,6,6,6,6,7,6,7,6,7,6,6,7,7,7,4,4,4,3,4
385,100,424,39,1,20,5,8,1,NA,1,1,1,1,1,1,1,1,1,1,1,5,1,1,1,5,3,3,6,2,3,1,2,2,4,1,1,7,7,7,7,7,7,7,7,7,7,7,7,7,7,7,7,7,7,7,7,7,7,5,5,5,5,1
386,100,774,40,1,2,1,NA,2,NA,3,4,5,1,2,4,4,5,6,1,4,6,1,5,1,5,6,4,4,4,4,4,5,2,4,4,4,4,4,4,4,5,6,6,4,4,4,5,5,6,4,6,4,6,4,5,4,5,4,3,3,2,1,4
387,100,302,29,1,7,4,6,1,NA,5,5,4,3,3,3,3,4,4,6,3,4,1,7,4,6,7,7,2,5,4,3,5,5,1,5,4,6,6,6,6,7,7,5,5,5,5,7,5,6,6,6,6,6,6,6,7,7,7,4,4,3,3,1
388,100,5770,34,2,67,1,4,5,3,1,1,1,1,1,1,1,1,1,1,1,1,1,1,1,6,7,7,6,5,3,1,1,1,1,1,1,7,7,7,7,7,7,7,7,7,7,7,7,7,7,7,7,7,7,7,7,7,7,3,1,3,1,1
389,100,330,49,2,0,4,7,1,NA,3,6,4,2,5,2,5,5,5,5,2,7,1,1,1,6,5,5,6,6,4,6,5,4,6,5,3,7,7,7,5,6,7,7,7,7,7,7,7,7,6,7,6,7,6,6,7,7,7,5,5,5,5,3
390,100,327,36,1,0,5,8,2,NA,2,2,5,2,2,4,1,1,1,7,1,5,1,5,1,4,4,4,4,4,4,2,2,2,2,2,2,7,7,7,7,7,7,7,7,7,7,7,7,7,7,7,7,7,7,7,7,7,7,5,5,5,5,1
391,100,1273,38,1,2,1,4,4,5,4,4,5,5,5,1,2,2,2,2,2,6,1,5,2,2,2,2,5,2,2,2,2,2,5,2,2,5,5,4,5,5,7,4,4,4,5,4,5,7,7,5,5,5,5,5,7,5,5,4,3,3,2,1
392,100,348,32,1,100,5,8,1,NA,4,1,1,1,1,1,1,1,1,1,1,1,1,7,1,1,7,7,4,5,4,1,4,2,2,5,4,7,7,7,7,7,7,7,7,7,7,7,7,7,7,7,7,7,7,7,7,7,7,5,5,5,5,4
393,100,2166,35,1,2,4,5,1,NA,3,6,4,6,6,3,4,5,5,2,2,2,2,6,6,6,6,6,6,6,6,5,5,4,5,6,6,6,6,6,6,7,5,7,5,7,7,6,6,7,6,7,6,7,6,6,7,7,6,4,4,4,4,2
394,100,23902,30,2,6,1,4,4,3,5,6,6,2,7,5,5,6,5,4,3,7,1,7,4,7,6,6,6,6,7,6,6,6,6,6,7,5,5,6,5,7,7,7,2,4,6,7,6,7,5,6,5,7,5,5,6,7,7,4,3,3,2,3
395,100,1141,57,1,1,1,4,1,NA,1,7,2,3,2,4,2,2,4,5,4,6,2,7,4,5,6,6,4,5,5,5,5,5,2,4,2,6,6,3,3,5,3,7,5,6,7,6,6,7,5,7,5,7,5,5,7,7,7,4,4,2,2,1
396,100,1264,44,1,0,4,7,2,NA,5,5,3,3,3,5,3,5,5,5,3,5,2,3,3,5,5,5,5,5,4,5,5,5,5,4,5,6,6,5,5,6,7,7,5,5,6,6,5,5,6,5,6,5,6,6,6,7,3,4,3,3,3,3
397,100,614,47,2,0,2,7,4,2,3,3,1,2,1,5,4,4,1,6,5,6,1,6,4,5,4,3,5,6,6,2,4,2,5,7,6,6,6,6,6,6,6,6,6,3,6,7,7,7,7,7,6,7,6,6,6,7,7,4,3,3,2,3
398,100,433,38,1,10,4,7,4,4,1,1,1,1,1,1,2,3,1,1,1,7,1,3,1,6,7,7,5,6,6,2,3,2,1,6,2,7,7,7,6,7,6,7,5,7,7,7,5,7,7,7,6,7,6,6,6,7,6,5,5,5,3,1
399,100,1175,28,1,13,5,5,3,6,2,1,5,5,4,5,2,2,2,1,2,6,1,1,3,5,7,7,7,5,2,4,7,7,7,3,3,7,7,7,7,7,7,7,7,7,7,7,7,7,7,7,7,7,7,7,7,7,7,5,5,5,3,1
400,100,578,49,1,100,5,7,2,NA,2,2,1,3,3,5,2,3,3,7,6,4,1,6,7,5,5,7,6,3,3,2,2,2,2,2,2,7,7,7,7,7,7,7,7,7,7,4,4,7,7,7,7,7,7,7,7,7,7,5,5,5,5,3
401,100,591,38,1,10,4,7,1,NA,3,4,2,2,2,1,3,3,1,1,1,6,1,4,4,5,6,7,7,4,4,1,1,4,4,2,1,7,7,5,7,7,7,7,4,4,4,7,4,7,7,7,7,7,7,7,7,7,7,5,5,5,3,4
402,100,564,70,1,0,4,8,1,NA,2,6,2,1,2,2,1,1,1,7,5,4,1,5,4,7,5,1,7,6,5,5,3,1,4,4,3,6,6,7,7,7,7,7,7,7,7,7,7,7,7,7,7,7,7,7,7,7,7,5,5,5,5,3
403,100,256,32,1,80,5,7,3,6,2,4,1,1,1,2,1,1,1,1,1,5,1,7,1,3,7,6,7,7,7,2,3,3,4,7,2,7,7,7,7,7,7,7,7,7,7,7,7,7,7,7,7,7,7,7,7,7,7,5,4,5,4,1
404,100,607324,43,1,0,5,8,2,NA,6,5,3,3,3,3,2,2,2,6,4,5,1,3,1,6,7,6,4,5,4,4,4,4,3,4,3,6,7,6,3,2,2,2,7,5,5,6,4,6,6,7,7,7,7,6,6,6,6,4,4,3,3,3
405,100,402,43,2,30,4,7,4,3,1,3,5,2,2,2,5,5,2,1,1,1,1,6,1,2,1,1,1,1,4,2,1,1,1,2,4,6,6,6,6,6,6,6,4,2,6,6,6,6,6,6,6,6,6,6,6,6,6,4,4,4,4,4
406,100,340,41,1,50,5,8,1,NA,1,1,1,1,1,1,1,1,1,1,1,1,1,1,1,6,7,7,6,2,2,1,5,5,1,1,1,7,7,7,7,7,7,7,7,7,7,7,7,7,7,7,7,7,7,7,7,7,7,5,5,5,5,1
407,100,404,41,2,0,1,4,4,3,2,2,3,1,1,1,6,6,6,4,4,6,1,2,1,6,5,5,6,6,6,6,4,3,5,6,6,2,2,4,1,2,5,4,1,1,5,4,5,1,2,2,2,2,2,3,2,2,3,3,3,3,3,3
408,100,389,35,2,10,5,7,1,NA,2,7,2,1,3,5,2,2,2,5,1,6,1,2,1,2,6,6,1,1,1,1,5,7,1,1,1,7,7,7,6,7,7,7,6,6,6,7,7,7,7,7,7,7,7,6,6,6,7,5,4,5,2,3
409,100,334,23,1,0,5,8,2,NA,1,2,1,1,1,1,1,1,1,1,1,6,2,7,1,7,5,5,7,6,7,2,1,5,5,6,7,7,7,7,7,7,7,3,2,7,6,7,6,7,7,7,7,7,7,7,7,7,7,5,5,5,5,4
410,100,697,49,2,70,4,7,3,6,4,2,2,5,5,4,5,5,4,2,2,2,2,6,2,6,4,4,4,5,5,5,4,4,4,5,5,4,4,6,6,6,6,6,5,5,5,5,5,6,6,6,6,6,6,6,6,6,6,4,3,3,3,3
411,100,447,36,1,0,3,6,1,NA,5,7,2,2,1,2,2,2,2,5,2,5,1,6,4,3,6,6,5,6,2,2,6,6,2,5,2,7,7,4,4,4,4,4,4,5,4,4,5,6,6,6,4,6,4,6,5,5,5,4,4,2,2,1
412,100,1038,39,1,0,4,7,1,NA,5,5,2,4,4,2,2,2,2,5,5,5,2,4,5,5,5,5,4,5,4,4,5,5,3,4,2,6,6,6,6,6,7,7,6,6,7,6,7,7,6,7,6,7,6,7,7,7,7,5,3,5,2,1
413,100,951,47,1,0,4,6,2,NA,2,4,4,4,4,4,3,3,3,5,5,2,2,5,4,5,5,3,5,5,3,3,3,4,3,4,3,5,5,5,5,5,6,7,4,4,4,6,5,6,6,3,4,5,6,5,5,6,3,3,3,3,3,1
414,100,478,67,1,0,1,4,4,5,6,7,5,1,1,4,4,3,4,5,2,6,1,6,2,6,6,6,2,6,6,2,2,4,3,5,5,5,5,5,3,5,4,3,4,4,6,6,7,5,5,5,5,5,5,6,6,6,6,3,3,2,2,1
415,100,635,35,1,0,5,8,1,NA,1,1,1,1,1,1,1,1,1,6,5,6,1,2,3,6,6,6,5,3,6,2,2,2,1,3,6,7,7,7,7,7,7,7,7,7,7,7,7,7,7,7,7,7,7,7,7,7,7,5,5,5,3,1
416,100,336,38,1,1,3,7,1,NA,1,2,2,2,2,2,2,2,4,2,1,5,1,6,2,4,4,4,4,4,4,2,1,5,2,4,6,4,4,4,4,4,1,4,1,4,5,2,5,7,6,7,6,7,7,7,5,7,7,4,3,4,3,1
417,100,414,36,2,0,4,7,1,NA,2,5,1,5,3,2,1,1,1,6,2,5,1,3,5,4,3,3,3,5,4,2,2,2,2,5,3,6,6,6,6,7,3,5,6,5,6,5,4,5,5,6,6,4,4,5,1,NA,1,5,5,5,5,2
418,100,754,40,2,0,5,8,4,3,1,6,1,2,6,1,1,1,1,4,1,4,1,4,4,4,4,4,5,6,5,1,1,1,1,6,5,7,7,7,7,7,7,7,7,7,7,7,7,7,7,7,7,7,7,7,7,7,4,5,5,5,5,1
419,100,526,30,1,0,3,8,2,NA,3,5,2,2,3,2,4,2,2,5,4,7,1,7,2,7,7,3,1,5,4,7,5,2,4,5,2,6,6,4,5,6,5,7,5,5,6,7,7,7,6,7,6,7,6,5,7,7,6,5,4,3,2,2
420,100,604,35,2,1,2,5,1,NA,7,7,7,6,7,4,4,7,7,3,1,4,4,7,1,6,6,6,7,7,7,6,6,6,7,7,7,4,4,4,1,4,7,7,4,2,2,6,2,6,1,1,1,1,1,1,6,6,6,4,2,2,3,4
421,100,578,34,2,0,5,7,1,NA,4,6,5,2,3,1,4,4,5,6,3,3,1,5,1,6,6,7,6,6,4,4,5,5,5,6,3,7,7,7,3,6,7,7,6,6,6,6,4,7,7,7,6,7,6,5,7,7,7,4,4,3,2,3
422,100,601,40,2,50,5,6,2,NA,5,5,3,5,4,5,4,4,4,7,3,4,1,6,4,5,4,4,6,5,6,4,3,3,6,6,6,6,6,6,5,6,6,6,6,6,6,6,6,7,7,7,7,6,6,7,2,5,5,4,3,4,3,4
423,100,486,51,2,0,1,4,1,NA,2,6,2,4,3,1,1,1,1,1,1,3,1,3,3,2,2,2,2,2,2,2,1,1,1,3,3,7,7,7,7,7,7,7,6,6,7,7,7,7,7,7,7,7,7,7,7,7,7,5,5,4,1,1
424,100,466,43,1,0,2,6,1,NA,1,6,1,1,1,5,1,1,1,7,5,3,1,7,1,5,5,5,5,5,5,5,6,5,5,5,6,6,6,6,5,5,6,6,6,6,6,7,7,7,6,7,6,7,6,6,7,7,6,5,5,5,4,4
425,100,1136,46,1,25,2,5,4,3,3,6,4,6,6,3,6,6,7,2,3,6,4,7,4,6,2,3,5,5,6,6,2,3,5,5,6,2,2,3,2,2,1,1,4,3,7,4,7,3,2,5,4,2,2,2,1,1,2,4,4,4,4,1
426,100,420,38,1,0,4,7,1,NA,2,5,6,1,1,1,7,6,6,3,4,3,1,7,1,6,6,5,5,5,6,6,5,4,5,6,7,6,6,7,7,7,7,7,7,7,7,7,7,6,6,6,6,6,6,7,7,7,7,3,3,3,2,4
427,100,408,52,1,0,4,6,1,NA,1,1,1,1,1,1,1,1,1,4,3,1,1,1,1,6,6,6,6,5,6,4,4,4,4,4,4,4,4,4,4,4,4,4,4,4,4,4,4,4,4,4,4,4,4,4,4,4,4,3,3,1,1,3
428,100,486,50,1,2,4,7,4,3,1,5,1,6,5,2,2,2,2,5,2,5,5,3,5,5,5,6,2,2,3,2,2,5,2,2,2,6,6,6,4,5,5,6,5,5,6,4,5,7,7,7,6,7,6,6,6,6,6,5,4,4,4,3
429,100,261,55,1,0,3,6,3,6,4,4,4,4,4,4,4,4,4,4,4,4,4,4,4,4,4,4,4,4,4,4,4,4,4,4,4,4,4,4,4,4,4,4,4,4,4,4,4,4,4,4,4,4,4,4,4,4,4,3,3,3,3,4
430,100,476,39,1,0,1,4,5,4,6,6,6,1,2,5,6,6,6,6,5,6,1,5,5,5,5,5,5,5,6,6,6,6,6,6,6,2,2,2,3,4,4,4,4,4,4,4,4,6,6,4,4,2,2,2,2,5,6,3,3,3,2,4
431,100,1494,35,2,0,2,5,2,NA,2,4,5,4,4,2,3,3,6,6,5,6,2,4,3,6,3,3,5,3,4,5,2,3,6,3,3,5,5,4,4,5,6,4,5,5,6,6,6,6,6,6,5,6,5,6,5,6,6,4,4,4,5,1
432,100,2016,33,2,0,2,5,2,NA,5,4,3,2,2,3,4,5,4,6,5,6,1,5,3,6,7,7,7,3,5,5,6,6,6,4,5,2,2,3,4,4,4,3,4,2,3,5,4,5,5,5,5,5,5,5,2,4,4,3,3,2,2,3
433,100,447,39,1,8,5,8,1,NA,2,2,1,1,2,2,1,1,1,1,1,4,2,4,2,3,5,5,3,5,4,2,4,2,2,4,2,7,7,7,7,7,7,7,7,7,7,7,7,7,7,7,7,7,NA,7,7,7,7,4,4,2,2,1
434,100,1090,35,1,20,3,6,2,NA,6,6,5,3,5,2,1,1,1,2,2,5,6,7,1,2,6,4,2,6,5,2,6,5,1,7,6,6,6,7,2,2,6,6,2,2,6,7,7,7,5,7,4,7,4,5,4,5,5,5,4,4,3,3
435,100,1044,41,1,10,3,6,1,NA,7,5,1,4,4,4,4,4,4,1,2,4,1,4,1,3,7,7,2,5,4,1,7,7,1,7,1,2,2,2,2,3,5,7,2,2,2,2,3,4,4,4,4,4,4,4,6,6,4,3,3,1,1,2
436,100,662,71,1,0,3,6,1,NA,3,4,1,4,4,4,6,6,5,6,3,4,1,6,4,6,6,6,6,6,5,3,2,2,3,3,2,6,6,6,3,5,6,4,4,4,6,6,6,4,6,5,6,5,6,6,6,6,5,4,3,3,3,3
437,100,641,65,1,0,1,4,3,2,6,5,4,1,6,4,2,2,1,5,3,6,1,5,4,5,5,3,3,5,5,3,3,2,3,5,5,1,1,1,1,1,1,1,1,1,1,1,1,7,5,6,3,5,3,4,1,5,5,3,1,2,1,2
438,100,393,35,1,10,3,6,2,NA,4,6,2,2,6,1,1,1,2,4,4,6,1,6,4,5,5,6,3,6,6,5,6,5,5,6,6,7,7,7,6,6,7,7,5,5,7,6,6,6,6,4,4,4,6,4,7,7,4,3,4,3,3,3
439,100,829,40,2,0,3,6,1,NA,5,4,7,4,4,2,7,7,7,4,5,7,3,7,3,6,5,5,7,7,7,5,4,3,6,5,6,4,4,5,5,6,7,7,4,4,6,7,7,7,7,7,5,7,5,4,5,5,5,4,3,3,3,1
440,100,387,60,2,0,4,7,1,NA,4,3,2,2,3,2,2,2,2,4,5,5,1,4,3,6,5,5,4,5,5,4,4,3,3,3,4,6,6,7,6,6,7,6,6,6,6,7,7,7,6,7,6,7,6,6,7,7,7,5,5,5,5,1
441,100,416,33,1,0,3,6,1,NA,1,1,3,1,1,1,3,3,5,7,1,7,1,7,7,7,7,7,7,7,7,5,5,3,1,5,7,7,7,7,1,1,7,5,3,3,5,5,7,7,7,7,7,7,7,7,7,7,7,5,5,5,5,1
442,100,392,40,2,0,2,6,5,2,1,3,2,1,1,1,1,1,1,1,1,1,1,6,1,1,1,6,6,1,1,2,2,6,6,1,1,5,5,5,5,5,5,5,5,5,5,5,5,7,5,7,4,7,4,4,7,7,7,5,5,3,3,3
443,100,641,45,1,1,4,7,2,NA,7,7,7,1,5,3,5,6,7,4,2,4,7,2,1,6,5,5,5,7,7,7,7,7,5,7,7,2,2,2,3,4,6,7,1,1,1,2,1,6,3,7,4,6,4,5,7,7,5,1,1,2,1,3
444,100,2573,61,1,0,3,6,4,2,2,2,2,1,1,2,5,6,4,6,3,4,2,4,4,5,2,3,5,4,4,4,3,3,5,4,4,6,6,6,6,7,7,7,6,5,7,4,5,7,7,7,7,7,7,5,5,6,5,5,3,4,3,3
445,100,3595,45,2,0,3,7,2,NA,4,5,3,3,3,3,4,3,6,6,3,6,4,4,3,5,5,5,5,5,5,5,5,5,5,5,5,6,6,6,3,3,4,2,6,6,4,5,5,6,5,5,5,6,5,5,5,6,6,4,3,2,1,1
446,100,523,53,1,0,3,6,3,3,4,5,3,4,4,5,4,4,4,6,5,3,4,6,3,4,5,4,3,4,3,5,5,4,4,4,4,5,5,4,5,6,6,5,5,5,6,5,5,4,5,5,6,5,5,6,4,4,4,3,4,3,4,1
447,100,746,32,1,10,4,7,1,NA,1,6,2,2,2,5,2,2,2,4,7,6,1,4,1,4,6,6,7,6,4,4,5,5,7,4,4,6,6,4,4,6,6,7,5,4,6,6,6,7,7,7,6,7,7,7,5,5,5,4,3,3,2,3
448,100,2183,39,1,0,2,5,3,2,2,7,5,4,5,3,3,3,2,5,3,6,2,5,4,6,3,4,7,5,5,6,2,4,6,6,5,6,6,6,6,6,7,7,7,6,7,6,7,4,6,4,5,5,5,6,4,4,4,4,3,4,4,3
449,100,471,57,1,5,1,4,1,NA,2,5,2,1,4,4,2,2,2,4,2,7,1,4,2,6,6,7,3,6,2,6,3,4,2,4,3,7,7,7,7,4,3,2,7,7,4,5,4,7,7,7,7,7,7,7,7,7,7,5,5,5,5,3
450,100,879,39,1,0,2,5,3,6,4,6,6,4,4,2,5,6,6,7,7,4,4,4,4,5,5,5,5,5,5,4,5,4,4,5,4,5,5,6,7,7,7,3,5,5,6,3,6,6,5,6,6,6,5,4,5,6,3,3,3,3,3,3
451,100,402,79,1,0,1,6,1,NA,1,2,3,3,3,1,3,3,3,4,4,4,4,6,4,4,4,4,4,4,4,4,4,4,4,4,4,5,5,5,5,5,5,5,5,5,5,5,5,5,5,5,5,5,5,5,5,5,5,3,3,2,2,1
452,100,260,35,2,10,2,5,1,NA,2,4,1,3,1,2,2,2,2,3,2,5,1,6,3,3,3,3,3,3,3,2,2,2,2,2,2,7,7,7,7,7,7,7,7,7,7,7,5,7,7,7,7,7,7,7,7,7,7,4,4,4,4,1
453,100,1780,35,2,30,3,5,4,4,2,7,5,2,2,2,5,6,6,2,2,7,2,6,2,7,7,7,7,6,6,6,6,6,7,6,7,7,7,7,5,6,7,7,4,4,7,7,7,7,5,6,5,6,5,5,5,7,4,4,4,5,5,1
454,100,720,72,1,0,3,7,3,4,5,7,3,2,1,2,2,1,1,7,7,7,1,4,5,5,5,5,4,3,5,3,4,3,4,4,3,5,5,5,4,5,5,5,5,4,5,6,6,7,6,7,6,7,6,5,6,6,6,3,3,3,3,4
455,100,4852,45,2,0,3,6,3,2,5,5,2,2,2,2,2,2,2,4,4,5,4,5,4,4,4,4,4,4,4,2,2,2,5,2,4,4,4,4,4,4,4,4,4,4,4,4,4,6,6,6,6,6,6,4,5,5,5,4,3,3,3,4
456,100,418,41,2,5,4,5,2,NA,1,6,1,1,1,1,1,1,1,6,1,6,1,6,6,5,5,5,5,5,5,1,1,1,1,1,1,7,7,7,7,7,7,7,7,7,7,7,7,7,7,7,7,7,7,7,7,7,7,5,5,5,5,4
457,100,1402,28,2,0,5,8,2,NA,2,2,1,1,1,1,2,2,1,1,1,1,1,1,1,5,7,6,7,7,7,2,3,5,2,2,3,7,7,7,7,7,7,7,4,7,7,7,7,7,7,7,7,7,7,6,7,7,7,5,5,5,5,3
458,100,4399,58,1,0,2,5,5,2,6,6,6,2,5,2,6,6,7,3,2,6,5,6,4,7,5,5,7,5,7,7,5,4,7,5,7,2,2,2,2,2,4,6,2,2,6,4,4,5,4,5,4,5,4,5,6,6,5,2,2,2,2,3
459,100,735,54,1,0,4,7,1,NA,2,2,2,1,1,2,3,3,3,5,2,6,1,2,2,6,7,7,7,5,5,5,5,5,5,4,2,6,6,6,6,6,7,7,2,6,6,6,6,7,7,7,7,7,7,7,7,7,7,5,3,5,3,1
460,100,748,62,1,5,1,8,1,NA,4,2,3,3,3,3,2,2,4,4,1,2,1,1,1,3,5,5,5,5,5,2,3,3,3,3,3,6,6,6,6,6,4,4,6,6,6,6,6,6,6,6,6,6,6,6,6,6,2,5,3,5,1,3
461,100,728,41,1,0,3,6,4,2,1,3,2,3,2,2,2,2,2,5,1,5,1,1,1,5,5,5,3,5,3,2,1,1,1,3,1,7,7,7,4,4,6,6,4,4,4,4,4,7,5,7,7,7,7,7,7,7,7,5,5,5,4,3
462,100,740,81,1,0,2,5,1,NA,2,4,1,2,2,4,3,3,3,6,5,4,1,7,4,4,4,4,4,4,4,3,3,3,2,3,3,7,7,7,7,7,7,7,6,6,6,7,6,7,7,7,7,7,7,7,7,7,7,5,5,5,5,3
463,100,609,62,2,1,2,7,1,NA,7,5,5,1,2,4,5,5,3,7,5,7,1,6,4,6,5,5,5,6,5,4,4,4,4,5,4,7,7,7,4,7,7,7,7,7,7,7,6,7,7,7,7,7,7,7,7,7,7,4,5,4,2,4
464,100,831,71,2,0,3,6,1,NA,2,6,3,5,5,2,2,2,1,7,6,6,1,1,2,6,5,4,4,5,5,5,2,4,2,5,6,6,6,6,4,6,2,4,6,6,7,7,6,7,7,7,7,7,7,7,7,7,7,4,4,5,4,3
465,100,378,50,1,0,3,6,4,2,4,5,2,3,3,3,3,3,3,5,5,5,4,3,5,5,4,4,3,3,4,3,3,3,3,3,3,5,5,5,5,5,6,6,6,6,6,6,6,7,6,7,7,7,7,7,7,7,7,4,3,5,4,1
466,100,889,62,1,5,5,8,1,NA,2,2,2,1,2,1,1,1,1,1,1,2,1,2,1,3,3,3,5,5,5,2,2,2,2,5,2,7,7,7,7,7,7,7,7,7,7,7,7,7,7,7,7,7,7,7,7,7,7,5,5,3,3,3
467,100,349,56,1,0,4,7,1,NA,3,3,2,1,1,2,2,2,2,5,5,1,1,2,1,2,2,5,2,2,2,2,3,3,2,2,2,7,7,7,7,7,7,7,7,7,7,7,7,7,7,7,7,7,7,7,7,7,7,5,3,4,2,1
468,100,573,65,1,0,3,6,3,3,5,7,5,4,5,5,7,7,7,7,5,7,2,5,7,5,5,5,5,5,5,6,5,5,5,5,5,6,5,6,7,7,7,7,6,6,6,6,6,6,6,5,6,5,6,6,7,7,5,4,4,3,3,1
469,100,725,44,2,0,3,5,1,NA,2,4,6,1,1,5,2,2,2,7,6,5,1,6,4,5,7,7,6,5,6,3,6,7,6,5,5,5,5,5,6,6,7,7,6,6,7,6,7,4,4,1,3,7,5,1,4,4,4,2,2,3,1,3
470,100,599704,30,1,0,4,5,4,6,4,3,3,2,2,2,4,2,5,7,1,6,1,3,1,5,6,6,3,5,6,5,6,6,1,2,2,7,7,7,7,7,7,7,7,7,7,7,7,7,7,7,7,7,7,7,7,7,7,5,4,3,3,3
471,100,600,72,2,5,3,6,3,6,5,5,2,4,4,4,4,4,3,5,4,4,5,5,4,5,4,4,4,4,4,3,3,3,3,3,3,5,5,5,4,4,5,5,5,5,5,5,5,7,5,7,5,7,5,5,4,5,5,4,3,3,1,3
472,100,451,76,1,10,1,6,1,NA,1,5,1,1,1,1,1,2,2,5,6,6,1,7,1,3,3,3,3,3,5,2,3,3,3,4,5,6,6,6,6,6,6,6,5,5,6,5,5,6,6,6,6,6,6,6,6,6,6,3,3,2,2,3
473,100,771,54,2,0,3,6,3,5,5,5,5,1,1,1,1,1,3,6,6,6,1,7,1,6,6,6,6,7,7,6,5,5,6,7,7,5,6,6,4,6,3,1,5,5,7,5,7,7,7,7,5,7,5,5,4,4,4,2,1,2,1,1
474,100,719,35,2,0,3,5,1,NA,2,6,3,2,5,5,1,1,1,6,3,4,2,6,4,5,5,6,7,6,5,3,3,4,6,6,3,6,6,6,6,6,6,7,6,7,6,7,7,7,5,7,6,7,6,4,7,7,6,4,3,3,1,1
475,100,545,60,2,0,3,4,1,NA,1,6,2,1,1,3,2,1,2,6,5,6,1,5,4,1,1,5,4,2,4,2,4,5,2,2,2,7,7,7,7,4,4,7,7,7,7,7,4,7,5,7,5,7,5,7,7,7,7,5,5,4,4,1
476,100,591,41,1,10,1,4,2,NA,5,5,6,1,1,2,4,5,6,6,3,6,1,2,2,7,6,6,7,6,6,7,6,6,7,5,5,3,2,3,2,2,5,7,3,3,5,4,5,6,4,5,4,5,3,5,4,6,6,2,2,2,2,1
477,100,281,31,2,0,2,5,1,NA,5,3,2,2,2,5,2,2,5,5,5,5,2,7,3,5,7,7,3,5,4,3,6,7,3,5,5,5,5,5,5,5,6,5,5,5,6,6,7,7,6,7,6,7,6,7,6,7,7,4,4,4,3,1
478,100,10197,30,2,0,3,6,2,NA,2,5,4,5,3,2,6,6,6,5,6,6,2,3,2,6,5,5,6,5,4,5,4,4,6,5,3,6,6,6,5,6,7,7,5,5,7,5,7,7,5,7,5,7,5,7,7,7,7,3,3,3,2,3
479,100,486,36,1,0,4,6,3,3,3,6,2,2,5,3,5,5,3,5,5,5,3,5,5,6,6,6,6,6,6,5,3,3,6,7,7,5,6,6,6,7,7,7,5,5,7,7,6,7,6,7,5,7,5,6,7,7,6,2,2,4,4,1
480,100,551,60,1,0,5,8,1,NA,2,4,3,2,2,4,2,2,2,5,2,4,2,4,3,5,5,7,6,6,4,3,5,7,6,5,4,7,7,6,6,6,4,6,6,6,7,6,4,7,6,7,6,7,6,7,7,7,7,3,3,3,2,1
481,100,463,46,2,0,1,4,1,NA,7,5,5,1,1,1,5,6,6,5,5,4,1,7,1,7,6,5,2,7,1,7,6,5,2,2,2,1,1,2,3,4,5,5,1,1,6,6,7,7,1,7,1,7,1,6,1,6,6,3,2,2,2,3
482,100,589,41,1,0,1,6,5,1,4,6,5,4,4,5,5,7,7,5,7,5,1,1,4,7,5,2,7,3,3,7,3,2,7,2,3,5,5,5,3,6,7,7,4,4,7,3,4,5,6,6,6,7,6,5,5,5,5,4,4,3,4,1
483,100,588,40,1,0,1,4,1,NA,1,3,3,3,3,3,5,3,1,3,1,5,1,7,6,5,5,5,7,5,5,3,3,3,7,7,7,5,5,6,3,5,7,6,3,7,6,7,7,7,6,7,6,7,6,6,3,4,7,3,3,2,2,3
484,100,553,35,2,0,4,7,2,NA,5,4,5,1,1,2,2,2,4,7,3,5,2,6,4,5,6,6,7,6,5,4,6,6,6,4,4,6,6,6,6,6,6,6,7,6,7,7,7,7,5,7,5,7,5,6,7,7,5,4,4,4,3,4
485,100,751,60,1,1,3,6,3,2,4,6,6,4,4,4,4,4,4,4,4,3,2,6,4,5,5,7,6,6,4,4,6,6,6,6,4,5,5,5,5,5,5,5,4,5,5,5,6,7,6,7,6,7,6,6,6,6,6,4,4,1,1,3
486,100,1184,40,2,25,4,7,3,2,1,1,4,1,1,1,4,4,4,7,1,2,1,7,4,6,4,4,6,5,5,6,2,2,5,6,5,6,6,6,1,1,7,7,7,6,7,7,7,6,6,6,7,6,7,7,7,7,1,4,4,4,4,3
487,100,299,59,2,0,3,NA,2,NA,2,2,4,1,1,6,5,5,6,6,6,6,1,4,4,6,6,2,7,6,4,6,4,3,6,6,4,5,5,5,5,5,7,7,6,6,6,5,6,7,7,7,7,7,7,7,7,7,4,4,3,3,1,1
488,100,393,54,1,0,2,5,4,1,7,7,7,1,1,3,4,4,4,6,1,5,3,4,3,6,6,6,6,6,6,6,6,6,6,6,6,3,3,3,3,3,3,3,3,3,3,3,3,7,6,6,5,5,5,6,7,7,7,3,3,4,2,1
489,100,688,67,1,0,3,6,1,NA,2,5,3,1,4,3,5,4,4,6,5,5,1,4,1,5,6,4,5,4,3,5,4,5,4,5,4,4,4,4,5,6,7,7,5,5,7,6,6,7,6,7,6,7,6,6,7,7,7,3,4,3,3,4
490,100,466,34,2,0,3,6,2,NA,2,2,2,5,5,2,2,2,2,6,4,7,1,7,6,6,6,6,6,6,6,5,6,5,7,6,5,5,5,5,5,5,6,7,6,6,7,7,7,7,6,7,6,7,6,7,7,7,7,4,3,3,1,1
491,100,594,72,1,0,3,6,3,6,1,6,2,4,4,4,4,4,4,2,1,5,4,7,4,6,5,4,6,6,6,4,4,2,5,5,5,6,6,5,6,6,3,4,4,4,1,4,6,7,6,7,6,7,6,7,4,7,4,4,4,4,3,3
492,100,759,53,2,3,2,5,1,NA,1,1,2,1,1,1,3,3,1,5,3,6,1,6,2,4,7,7,4,7,2,2,6,5,1,6,2,5,5,5,4,4,4,6,4,4,4,7,7,7,6,7,6,7,6,7,6,7,7,5,5,5,2,1
493,100,847,64,2,0,3,5,1,NA,2,6,1,4,2,1,2,2,2,6,3,5,1,4,4,6,4,4,6,6,6,3,2,2,5,5,5,6,6,6,6,6,7,7,6,7,6,6,5,7,7,7,7,7,7,7,7,7,7,5,5,5,5,3
494,100,371,46,2,0,3,6,1,NA,4,4,2,2,2,3,1,1,1,6,3,4,1,4,2,3,6,3,5,7,6,3,4,4,4,4,4,6,6,6,5,6,5,6,6,6,7,5,7,4,4,6,6,6,6,4,6,6,6,4,3,4,2,1
495,100,537,60,2,0,4,7,4,3,6,6,5,5,4,4,4,5,5,4,4,4,3,4,3,5,5,5,5,5,4,5,5,4,5,4,5,6,6,6,6,6,6,6,6,4,6,5,6,6,6,6,6,6,6,5,4,5,4,4,3,3,3,1
496,100,455,75,1,0,4,7,1,NA,3,5,3,2,2,3,3,3,3,5,3,4,2,5,3,5,5,4,3,5,5,3,3,4,2,2,2,6,6,5,6,6,3,3,6,6,6,6,5,7,6,6,6,6,6,6,3,4,4,4,3,2,2,3
497,100,663,34,2,1,4,7,4,5,2,2,2,2,2,2,2,2,2,6,4,6,1,4,2,5,5,5,4,5,2,3,4,3,2,4,3,6,6,6,6,6,7,7,6,6,7,6,7,6,6,7,7,6,6,7,4,6,4,4,4,3,2,1
498,100,345,31,2,0,3,6,2,NA,2,5,6,6,6,1,7,7,7,6,2,5,2,5,4,7,7,5,7,5,5,7,5,3,7,5,2,4,4,4,4,4,6,6,5,4,5,4,4,7,5,6,5,6,5,5,5,5,5,4,2,2,1,1
499,100,251,38,1,0,2,6,4,3,2,3,7,5,5,2,4,4,4,5,3,3,2,3,3,6,5,4,4,3,3,7,4,4,4,4,4,2,2,2,2,2,5,4,4,4,3,4,3,5,4,6,4,4,4,4,3,3,3,2,2,2,2,3
500,100,3268,58,1,10,3,6,1,NA,1,4,1,1,1,4,1,1,1,7,7,5,1,4,4,4,4,4,4,4,4,1,1,1,1,1,1,7,7,7,7,7,7,4,7,7,4,4,4,4,4,7,7,7,7,7,4,4,4,4,3,3,3,3
501,100,862,43,2,0,4,7,2,NA,1,4,1,1,1,1,1,1,1,1,1,1,1,5,1,1,1,4,5,1,1,1,1,4,4,1,1,7,7,7,4,4,4,4,4,4,7,7,4,7,6,7,6,7,6,7,1,7,7,4,4,2,2,3
502,100,604872,44,2,0,4,7,4,1,5,6,5,2,2,2,4,4,4,7,3,5,1,7,4,4,5,5,5,6,3,5,4,7,5,3,1,6,6,6,5,6,7,7,6,5,7,6,7,7,6,7,5,7,5,6,7,7,7,4,3,4,1,1
503,100,1309,64,1,0,5,8,1,NA,1,2,3,1,1,1,2,2,2,6,7,7,1,4,4,5,3,3,3,5,4,2,3,2,2,5,5,6,6,7,7,7,7,7,7,7,7,7,7,7,7,7,7,7,7,7,5,5,5,5,4,4,2,3
504,100,567,38,1,0,1,5,1,NA,5,6,2,1,1,4,1,1,1,7,7,7,1,5,5,6,6,4,6,6,6,5,6,3,5,5,5,5,5,5,5,6,7,5,5,6,7,7,7,7,6,7,6,7,6,6,7,7,7,3,3,5,2,2
505,100,521,55,1,1,3,6,2,NA,2,3,3,3,5,2,2,2,1,4,3,4,1,7,1,5,5,5,7,7,3,3,5,2,6,6,2,5,5,5,2,5,2,4,4,4,7,7,7,7,5,7,5,7,5,5,5,7,7,3,3,2,1,3
506,100,1875,33,1,0,2,4,1,NA,5,3,3,2,2,1,5,5,5,5,3,7,1,7,3,5,5,5,5,5,5,5,2,5,5,5,5,5,5,5,6,6,6,6,6,6,6,7,6,7,6,7,6,7,6,6,7,7,7,3,3,5,5,4
507,100,1313,49,1,0,5,4,1,NA,1,2,2,1,1,1,1,1,1,6,1,7,1,2,1,2,5,5,3,2,5,2,3,5,5,5,2,7,7,7,7,7,7,7,7,7,7,7,7,7,7,7,7,7,7,7,7,7,7,5,5,5,5,2
508,100,425,36,2,0,4,7,2,NA,2,3,2,2,2,2,2,2,2,4,3,4,1,4,1,5,5,5,5,4,4,2,2,3,3,3,3,6,6,6,5,6,6,6,6,6,6,6,6,7,6,7,6,7,6,6,5,6,6,5,4,4,3,4
509,100,327,64,1,10,2,5,3,2,5,4,5,5,5,3,5,4,4,5,2,5,2,6,5,6,5,4,5,6,4,5,4,3,4,5,4,6,6,6,5,6,6,5,5,6,6,6,6,7,6,7,6,7,6,6,4,6,6,4,4,3,2,1
510,100,415,45,1,50,5,8,2,NA,4,3,1,1,1,1,1,1,1,1,1,3,4,1,1,4,5,5,5,4,4,1,1,1,1,1,1,7,7,7,7,7,7,5,1,1,1,1,1,7,7,7,7,7,7,7,7,7,7,5,5,5,5,3
511,100,623,59,1,40,2,5,2,NA,7,6,6,5,6,2,5,5,5,3,3,6,3,6,5,6,6,6,6,6,6,6,3,3,6,6,6,6,6,6,5,5,6,6,5,6,6,6,6,6,6,6,6,6,6,6,6,6,6,4,2,3,3,4
512,100,384,30,1,100,5,8,1,NA,1,1,1,1,1,1,1,1,1,1,1,1,1,1,1,4,4,4,6,4,4,1,2,6,5,5,2,7,7,7,7,7,7,7,4,7,7,7,4,7,7,7,7,7,7,7,7,7,7,5,5,5,5,1
513,100,579,68,2,0,2,5,1,NA,1,6,1,1,4,4,1,1,1,7,7,5,1,5,4,4,4,4,4,4,4,1,1,1,1,1,1,6,6,6,4,4,4,4,7,6,5,7,5,7,5,7,5,7,5,6,6,6,5,5,3,2,4,3
514,100,646,35,1,80,5,8,1,NA,1,1,1,1,1,1,1,1,1,1,1,1,1,1,1,5,7,7,5,4,5,1,1,1,1,1,1,7,7,7,5,7,5,7,4,4,4,4,7,7,6,7,6,7,6,7,7,7,4,5,5,5,5,1
515,100,464,55,1,0,1,4,1,NA,7,2,4,2,7,1,1,5,7,1,1,3,5,5,2,6,4,4,6,5,4,6,1,1,6,7,2,1,1,1,1,1,5,5,1,1,3,6,7,2,1,1,1,2,1,1,3,5,5,2,1,2,1,3
516,100,406,52,2,0,2,5,5,2,4,7,4,1,1,3,1,1,4,6,6,6,1,4,4,5,5,5,5,5,5,6,5,5,5,5,5,5,5,5,5,5,5,7,7,6,7,6,6,6,6,6,6,6,6,6,6,7,7,4,3,4,4,1
517,100,567,40,1,0,2,5,1,NA,1,5,1,1,2,1,5,5,5,2,1,6,1,5,1,3,2,5,5,3,5,1,1,1,5,2,2,6,6,6,5,6,7,6,4,3,7,4,5,7,7,7,7,7,7,7,7,7,7,5,5,5,5,3
518,100,6734,58,1,0,3,6,1,NA,1,4,2,1,1,2,2,2,1,6,6,4,1,6,4,6,6,7,6,6,6,2,3,3,5,3,2,6,6,6,6,6,7,7,6,5,6,6,7,4,5,4,5,5,5,5,5,5,5,4,4,2,2,3
519,100,671,80,1,0,3,6,1,NA,4,4,1,4,4,1,1,1,1,6,6,6,1,4,4,4,4,4,4,4,4,2,2,1,2,2,2,6,6,6,6,6,6,6,7,7,6,6,6,7,7,7,7,4,4,7,4,6,4,4,3,4,3,4
520,100,477,60,1,5,4,6,1,NA,2,4,2,1,2,1,1,1,1,6,6,7,1,7,7,2,7,6,5,6,6,2,6,6,5,6,6,7,7,7,7,7,5,7,6,7,7,6,7,7,7,7,7,7,7,6,4,4,4,5,4,5,4,1
521,100,672,53,1,10,4,7,1,NA,5,5,3,2,2,1,2,6,4,6,2,3,1,4,2,6,5,5,5,5,5,4,3,2,2,5,5,6,6,6,6,7,7,6,4,6,6,6,7,7,6,7,6,7,6,7,6,7,7,5,4,5,3,2
522,100,346,36,2,14,3,5,2,NA,6,6,3,1,1,2,4,5,6,1,3,4,1,7,2,6,6,3,7,6,6,5,3,3,7,7,7,6,6,6,6,6,6,3,4,4,7,7,7,2,2,2,2,2,2,2,2,2,2,1,1,3,3,1
523,100,398,70,1,5,5,8,1,NA,1,3,1,1,1,1,1,1,1,1,1,6,1,1,1,7,7,7,5,6,7,3,3,5,1,5,7,7,7,7,1,1,1,1,1,5,6,1,1,7,7,7,7,7,7,7,7,7,7,5,5,5,5,3
524,100,325,46,1,5,4,7,3,4,2,6,2,2,2,5,5,5,5,2,2,4,5,4,4,5,6,6,6,6,6,5,4,5,5,4,5,6,6,6,4,5,6,6,5,5,6,5,5,7,5,7,5,7,5,5,4,6,4,4,4,3,3,3
525,100,570,56,1,0,1,6,2,NA,3,4,4,1,1,2,4,2,3,4,3,4,1,6,4,6,4,4,7,5,4,4,2,2,4,2,4,5,5,4,5,5,6,5,4,5,6,5,4,7,6,7,6,7,6,5,5,7,7,3,3,2,2,3
526,100,615,68,1,10,1,6,4,6,2,5,5,1,2,4,5,5,2,5,4,4,1,5,3,5,3,2,5,4,2,2,2,2,3,3,3,5,5,4,5,5,1,2,4,5,6,6,6,7,7,7,7,7,6,6,4,6,6,4,2,3,1,3
527,100,621,41,2,0,4,6,4,2,3,5,1,7,7,1,4,2,4,2,6,5,1,7,1,6,7,7,6,4,7,2,6,5,7,6,6,5,5,6,3,7,7,7,4,4,6,7,7,7,6,7,6,7,6,7,5,7,7,3,3,2,1,3
528,100,735,72,1,33,3,6,4,3,5,7,2,1,5,1,1,1,1,1,1,5,2,5,2,6,6,6,6,7,6,5,3,2,2,5,5,6,6,6,7,7,4,5,6,7,6,6,7,6,6,6,6,6,6,5,4,7,4,5,4,4,4,4
529,100,565,68,2,0,1,4,2,NA,7,7,2,2,2,5,2,2,2,7,7,6,1,7,2,7,7,7,7,7,7,6,6,6,2,7,6,5,5,5,5,5,5,5,5,5,5,5,5,7,6,7,6,7,6,7,6,7,7,3,3,2,2,1
530,100,944,34,1,0,3,6,3,5,4,2,2,2,2,4,2,2,2,4,2,5,2,4,2,4,6,6,4,5,2,2,5,5,2,2,2,6,6,4,5,5,7,7,6,4,5,5,5,7,5,7,6,7,6,6,5,7,7,4,3,5,3,1
531,100,753,40,1,0,1,4,1,NA,4,6,4,1,1,1,2,2,2,5,2,4,1,7,3,5,6,5,6,6,5,5,3,3,6,5,5,5,5,5,5,5,7,7,5,5,5,7,7,7,5,7,5,7,5,5,7,7,7,3,3,2,1,3
532,100,624,33,2,100,5,8,1,NA,1,1,1,1,1,1,1,1,1,1,1,7,1,1,3,5,7,7,4,2,2,2,2,2,4,2,2,7,7,7,7,7,7,7,7,7,7,7,7,7,7,7,7,7,7,7,7,7,7,5,4,5,3,1
533,100,443,65,1,5,2,5,1,NA,1,5,4,3,3,3,5,5,5,6,6,6,1,7,4,6,7,7,7,7,7,4,4,4,5,5,4,7,7,7,5,6,7,7,7,7,7,7,7,6,6,6,6,6,6,6,7,7,7,5,5,5,4,3
534,100,737,63,1,0,3,6,1,NA,4,7,4,7,4,4,4,4,4,6,2,4,1,6,7,5,5,5,5,5,4,3,3,4,4,5,4,6,6,6,4,4,4,3,6,7,6,7,4,6,7,6,7,6,7,6,5,6,5,4,5,4,5,3
535,100,403,34,1,0,4,7,3,3,3,5,3,2,4,5,2,2,2,2,2,6,1,6,4,5,7,6,4,5,5,2,6,5,2,4,4,5,5,5,4,5,6,6,5,6,7,5,6,7,5,7,6,7,6,5,6,7,6,3,3,2,2,3
536,100,613,63,1,20,4,7,2,NA,1,3,2,2,2,2,2,3,3,1,1,3,4,4,4,3,4,4,4,4,4,3,3,3,3,3,4,6,6,6,6,6,6,6,6,6,6,6,6,6,6,6,6,6,6,6,6,6,6,4,3,3,2,1
537,100,578,36,2,2,3,6,1,NA,2,5,4,3,3,1,6,6,5,2,2,6,2,2,4,6,4,4,5,4,4,5,3,3,4,4,3,5,5,5,5,6,5,5,4,5,7,7,6,4,4,4,4,4,4,4,5,5,4,3,3,2,2,3
538,100,509,37,1,0,4,7,1,NA,3,2,1,1,1,1,1,1,1,5,1,3,1,6,1,4,6,6,6,6,2,1,2,2,5,5,1,7,7,7,7,7,7,7,7,7,7,7,7,7,7,7,7,7,7,7,7,7,7,5,5,4,4,1
539,100,380,33,1,4,2,5,2,NA,3,4,5,3,3,3,5,7,7,3,3,4,1,7,2,5,6,6,5,5,5,5,5,6,5,5,5,5,5,6,5,6,7,7,4,4,6,6,6,7,6,7,6,7,6,6,7,7,7,4,3,2,1,4
540,100,549,43,2,0,1,4,3,2,6,7,5,4,4,3,6,6,6,6,5,6,1,6,1,6,6,6,6,6,6,5,5,5,3,5,3,5,5,5,5,6,7,7,6,6,6,5,5,7,5,7,5,7,5,6,7,7,4,2,4,4,4,1
541,100,371,46,1,0,2,5,1,NA,6,6,5,2,2,1,2,5,6,6,7,7,1,5,4,7,7,7,7,5,3,6,6,5,5,3,3,4,4,5,2,7,7,7,4,4,7,5,5,6,5,7,5,7,5,5,7,6,6,4,4,3,3,2
542,100,478,48,2,2,4,6,3,2,1,6,1,1,1,1,1,3,1,5,1,6,1,2,4,5,2,2,4,5,5,2,5,3,2,4,5,6,6,6,5,6,4,5,6,6,7,7,7,6,6,6,6,6,6,6,4,6,6,5,5,5,5,4
543,100,446,54,2,0,4,7,2,NA,6,5,4,3,3,3,4,4,5,3,4,3,3,5,4,5,4,4,5,4,4,5,4,4,5,4,4,4,4,4,5,6,6,6,4,4,4,5,5,6,6,6,6,6,6,6,6,6,6,4,4,3,4,2
544,100,917,73,1,50,5,8,1,NA,1,1,1,1,1,1,1,1,1,1,2,7,1,7,1,6,6,3,1,3,3,1,1,1,1,2,2,7,7,7,3,5,2,1,7,7,1,6,4,7,7,7,7,7,7,7,1,2,2,5,5,5,5,4
545,100,397,28,2,50,5,8,1,NA,1,1,1,1,1,1,1,1,1,4,1,4,1,1,1,5,7,7,3,3,3,4,5,5,1,2,2,7,7,7,7,7,7,7,7,7,7,7,7,7,7,7,7,7,7,7,7,7,7,5,4,5,4,3
546,100,511,70,1,0,4,7,1,NA,5,4,2,2,2,2,2,2,2,6,5,5,2,5,2,5,5,6,6,5,4,2,2,2,2,2,2,6,6,6,6,6,6,6,7,7,6,6,6,6,6,7,7,7,7,7,6,6,6,4,4,3,3,1
547,100,18769,32,1,0,2,5,5,4,2,3,4,7,6,2,5,6,7,7,7,2,1,5,4,5,3,5,7,6,6,5,2,3,7,6,4,5,5,7,6,6,7,6,7,4,5,7,7,7,5,5,5,7,6,6,4,6,6,5,5,5,5,3
548,100,2330,51,1,33,5,8,1,NA,2,5,2,1,1,3,1,1,4,1,1,5,1,5,1,5,6,5,3,4,5,4,3,4,4,4,5,7,7,7,7,7,4,5,4,4,4,6,5,7,7,7,7,7,7,7,7,7,7,5,5,4,4,1
549,100,31484,44,1,15,1,4,1,NA,2,2,2,1,2,2,2,2,1,2,1,5,1,2,1,6,6,6,6,6,6,5,5,5,4,5,5,7,7,7,7,7,7,7,7,7,7,7,7,7,7,7,7,7,7,7,7,7,7,5,5,4,4,3
550,100,534,49,1,0,5,5,1,NA,1,1,1,1,1,2,2,2,2,3,2,6,2,4,6,4,4,4,4,5,5,3,3,2,2,5,5,6,6,6,6,6,5,5,4,7,6,4,4,7,7,7,7,7,7,7,7,7,7,5,3,5,3,3
551,100,2620,41,1,20,2,6,2,NA,3,4,3,2,2,2,5,5,5,4,3,5,2,6,4,5,4,4,4,5,3,4,3,3,4,5,2,5,5,5,4,6,6,5,4,5,6,6,6,6,5,5,5,6,5,5,6,6,6,3,3,2,2,3
552,100,396,69,1,2,4,7,1,NA,2,2,1,1,1,1,1,1,2,5,1,7,1,2,1,5,6,5,2,4,4,2,1,1,1,2,3,7,7,7,7,7,7,7,6,6,4,7,7,7,7,7,7,7,7,6,6,7,7,4,5,3,4,1
553,100,541,64,2,0,3,7,4,4,7,5,4,3,3,3,6,6,6,6,3,5,2,6,3,6,5,5,6,5,6,6,6,3,6,6,6,5,5,5,5,6,7,7,6,4,5,6,6,7,6,7,6,7,6,6,6,7,7,3,3,1,1,1
554,100,754,66,1,5,2,5,1,NA,5,4,2,2,6,2,3,2,4,4,2,5,4,4,4,4,4,4,4,4,4,5,3,2,3,3,3,2,2,2,2,3,2,2,2,3,3,3,3,2,2,4,4,4,4,4,4,4,4,4,3,3,1,3
555,100,942,70,2,100,5,6,4,3,1,7,6,5,5,1,6,6,5,1,1,5,4,4,4,7,6,5,6,5,7,6,4,4,5,5,5,7,7,7,7,7,3,7,6,5,5,7,6,7,7,6,6,6,6,6,6,6,1,5,5,5,4,3
556,100,865,43,1,0,3,7,1,NA,2,5,1,1,2,1,3,3,3,6,1,6,1,5,1,5,5,5,5,2,5,5,5,5,2,5,2,7,7,7,4,7,4,7,7,7,7,7,4,7,5,7,5,7,5,6,6,7,6,4,5,3,2,1
557,100,512,42,1,0,3,6,2,NA,4,5,3,3,3,5,5,5,6,6,6,7,1,5,5,6,6,6,6,6,6,4,3,3,5,5,5,6,6,6,3,3,6,6,5,5,6,6,6,6,6,6,6,6,6,4,4,5,2,5,5,5,3,1
558,100,697,41,2,0,1,5,4,4,2,5,6,4,4,1,1,1,1,7,5,7,1,6,4,7,4,5,7,5,4,5,3,2,6,5,4,2,2,4,2,2,5,6,3,4,4,4,5,6,3,7,5,6,3,6,4,4,4,3,3,2,2,3
559,100,1109,68,2,2,1,4,3,3,6,7,4,2,2,1,6,6,6,3,3,6,2,6,6,6,7,6,7,6,7,5,3,2,6,5,6,6,6,6,7,6,7,7,4,7,6,7,6,4,4,4,4,5,5,6,6,6,6,5,4,5,4,4
560,100,426,55,1,5,5,7,2,NA,4,2,2,1,1,2,5,5,6,5,1,6,2,4,2,6,5,6,6,6,6,4,4,4,2,5,5,1,1,1,4,1,1,1,1,1,1,1,1,1,1,1,1,1,1,1,1,1,1,5,5,5,2,1
561,100,431,28,1,5,2,5,4,5,6,7,1,1,1,1,7,7,7,1,1,6,1,7,1,7,7,7,7,7,7,1,1,1,5,7,7,6,7,7,1,7,7,7,4,4,7,7,7,7,7,5,3,7,5,5,7,7,7,5,3,5,3,4
562,100,592,39,2,0,1,4,2,NA,5,4,2,2,3,3,4,7,6,5,2,5,2,6,2,7,6,4,6,6,3,7,6,4,5,5,3,5,5,4,2,6,7,7,5,5,7,7,7,7,5,5,5,6,6,6,5,6,7,4,3,4,3,3
563,100,12152,43,2,10,4,5,5,2,7,4,2,1,1,1,1,1,1,7,7,7,1,4,7,5,3,3,3,3,5,5,1,1,1,1,4,7,7,7,7,7,7,7,7,7,7,7,7,7,7,7,7,7,7,7,7,7,2,3,4,5,5,4
564,100,456,64,2,0,2,5,1,NA,6,6,6,2,3,2,5,5,4,6,3,4,1,6,2,5,6,6,6,6,6,5,6,6,5,6,5,6,6,6,6,6,7,7,5,5,7,7,7,7,6,7,6,7,6,6,6,6,7,4,3,3,2,3
565,100,411,40,1,0,2,5,1,NA,6,4,1,1,2,1,1,1,1,1,3,4,1,5,1,6,7,7,6,6,5,2,7,7,3,3,1,2,2,2,2,2,2,6,2,2,2,2,2,7,6,7,6,7,6,7,7,7,7,3,3,3,1,1
566,100,438,47,1,0,1,4,5,2,7,7,7,1,1,1,7,7,7,7,7,7,7,1,1,7,7,7,7,7,7,1,1,7,7,7,7,1,1,1,1,1,1,1,1,1,1,1,1,1,1,1,1,1,1,1,1,1,1,1,1,3,3,3
567,100,363,43,1,3,3,5,1,NA,4,5,5,2,2,4,5,6,6,5,3,6,1,7,4,6,4,5,6,4,4,4,4,4,6,4,4,6,6,6,7,7,7,7,6,6,7,6,7,7,6,7,6,6,6,7,6,7,4,4,4,2,2,1
568,100,402,29,2,30,4,7,1,NA,2,2,2,3,3,1,4,4,4,3,2,5,2,5,3,5,3,3,5,6,6,5,3,3,5,5,5,6,6,6,5,7,7,6,5,5,7,5,5,7,7,7,6,7,6,6,7,7,7,5,5,5,4,1
569,100,546,63,1,0,5,8,1,NA,3,1,1,1,1,1,1,1,1,7,2,2,1,4,1,5,7,7,7,6,7,1,1,1,1,1,1,7,7,7,6,6,5,7,7,7,7,7,7,7,7,7,7,7,7,7,1,5,5,5,5,5,5,3
570,100,544,63,2,0,4,7,3,2,2,5,2,2,5,2,2,2,2,5,5,5,2,5,2,5,5,5,3,2,2,2,4,4,4,2,2,6,6,6,6,6,4,4,6,6,6,6,6,6,6,6,6,6,6,6,4,4,4,4,4,4,4,4
571,100,435,71,1,0,3,6,1,NA,2,3,3,2,3,3,3,3,2,7,7,4,1,6,3,3,3,3,4,5,3,5,3,3,3,3,3,6,6,6,6,6,6,6,7,7,7,7,7,7,7,7,7,7,7,7,7,7,6,4,3,2,1,1
572,100,479,31,1,70,3,5,4,2,2,5,3,4,4,2,4,4,4,5,3,5,2,6,4,6,6,5,6,5,5,3,3,3,3,5,5,5,5,6,5,6,7,7,5,5,6,7,7,7,6,7,6,7,6,7,6,7,7,4,4,3,2,1
573,100,454,52,1,4,2,5,1,NA,1,4,5,1,1,4,4,4,6,6,4,4,1,4,1,6,2,2,6,7,7,6,2,2,6,7,7,7,7,7,5,6,7,7,7,6,7,7,7,7,7,7,7,7,7,7,7,7,7,5,3,2,2,4
574,100,650,64,1,0,1,4,1,NA,4,6,2,2,2,4,4,4,4,7,7,6,1,4,2,4,4,4,4,4,4,3,2,2,3,3,3,4,4,4,4,4,4,4,4,4,4,4,4,6,5,6,5,6,5,7,5,6,6,2,2,1,1,2
575,100,1289,37,1,0,4,7,3,3,4,5,4,1,5,2,4,5,5,7,5,7,1,4,4,5,7,7,7,7,7,7,7,7,7,7,7,7,7,7,6,6,7,7,7,7,7,7,7,7,7,7,7,7,7,7,7,7,7,4,4,5,5,3
576,100,594,66,2,0,1,4,3,6,3,4,5,2,2,5,5,5,5,7,7,4,2,5,2,6,6,6,6,6,6,5,5,3,5,5,5,4,4,4,4,4,4,4,4,4,5,4,5,6,6,6,6,6,6,6,6,6,6,4,4,4,4,3
577,100,501,63,1,0,1,5,3,6,5,6,4,2,2,6,4,4,4,6,6,6,4,4,4,6,5,4,6,6,4,5,5,4,6,5,5,5,5,5,5,5,6,6,5,5,5,6,6,7,6,6,5,6,5,5,5,6,6,4,3,3,3,3
578,100,348,63,2,0,1,4,2,NA,2,5,4,5,5,4,1,1,1,7,6,6,3,7,4,6,7,7,4,5,6,4,6,7,5,7,7,6,6,6,4,4,4,1,1,1,4,6,6,7,5,5,3,6,5,6,1,5,7,4,4,2,1,2
579,100,108160,51,2,0,3,6,1,NA,3,3,2,2,2,2,5,4,4,7,6,5,1,5,1,6,5,4,5,5,5,4,4,4,4,3,3,5,5,5,5,6,6,4,5,5,5,6,6,7,7,7,7,7,7,7,4,4,4,4,3,3,2,4
580,100,605,45,1,5,4,7,1,NA,5,5,2,1,2,2,3,3,2,2,1,4,2,5,1,5,7,6,5,6,6,5,5,5,3,5,6,7,7,7,7,7,7,7,4,7,7,7,4,7,7,7,6,7,6,7,6,6,6,5,4,3,2,3
581,100,695308,29,2,0,3,6,3,6,6,4,5,1,5,5,5,4,4,7,7,7,1,4,4,7,6,6,6,6,6,6,6,6,6,6,6,5,5,5,6,7,7,6,5,5,6,6,5,6,5,7,5,6,5,6,7,7,5,3,3,3,3,3
582,100,536,42,1,0,5,7,1,NA,1,1,1,1,1,1,1,1,1,5,1,6,1,2,1,2,6,6,2,5,5,1,1,1,1,1,1,7,7,7,2,7,7,4,7,7,7,4,4,7,7,7,7,7,7,7,1,7,7,5,5,5,5,1
583,100,439,31,1,0,1,7,2,NA,2,3,2,4,3,1,1,1,5,4,3,2,1,4,2,4,5,5,1,5,4,4,5,5,1,4,4,6,6,6,5,7,7,6,5,5,5,7,7,7,6,7,6,7,6,6,6,7,6,5,4,5,4,3
584,100,782,36,2,10,2,5,1,NA,1,5,2,2,7,3,3,3,3,1,5,5,1,7,7,2,7,7,7,7,2,1,6,6,6,6,6,7,7,7,2,2,7,7,7,7,7,7,7,7,5,7,5,7,5,5,7,7,7,4,4,4,4,3
585,100,872,54,2,0,5,8,4,2,7,2,2,5,6,2,2,2,6,7,7,5,2,5,4,5,7,1,6,7,6,6,7,1,6,7,5,7,7,7,4,6,4,7,7,7,7,7,7,7,6,7,7,7,6,7,4,4,7,4,4,4,4,3
586,100,598,38,2,0,3,5,3,3,5,5,4,4,5,2,5,5,5,5,5,5,3,5,4,6,6,6,6,6,6,6,6,6,6,6,6,3,3,5,5,6,7,7,5,5,7,5,6,6,6,6,5,6,5,5,4,5,5,3,3,3,3,4
587,100,717,63,2,0,3,6,4,2,5,5,5,5,5,3,5,5,5,5,5,5,3,5,5,6,5,5,6,7,6,5,5,5,6,7,6,4,4,4,4,4,6,5,4,4,6,6,6,6,5,5,5,6,5,6,5,6,6,4,3,2,2,1
588,100,488,67,1,0,4,7,3,6,6,6,1,2,2,2,2,2,2,6,5,4,1,4,1,5,4,4,5,5,4,6,4,4,2,4,4,5,6,4,4,4,4,4,6,6,4,6,6,6,6,6,6,4,4,4,4,6,7,3,3,2,2,3
589,100,2982,28,1,20,4,7,2,NA,3,3,3,2,3,3,4,4,4,3,2,2,2,6,2,4,6,5,6,6,5,3,5,3,4,5,5,5,5,6,5,5,5,6,4,4,6,6,6,7,6,6,6,6,6,6,4,6,5,4,4,4,3,2
590,100,5219,34,1,0,1,7,5,5,1,6,2,1,6,1,1,1,1,6,1,6,1,6,6,7,7,7,7,2,6,6,1,2,6,2,6,7,7,7,7,7,7,7,7,7,7,7,7,7,7,2,2,6,2,6,7,7,7,5,5,5,5,4
591,100,301,35,1,0,3,4,4,2,5,3,5,7,7,3,5,5,2,7,2,6,1,4,4,7,7,7,7,7,7,6,6,6,7,5,5,5,5,5,2,2,6,7,6,6,7,6,7,6,6,5,6,5,6,6,6,6,6,3,1,3,2,2
592,100,836,76,1,0,5,8,3,6,1,1,2,2,2,1,2,4,2,5,5,5,4,2,2,6,6,6,4,6,6,2,2,2,2,2,5,7,7,7,7,7,7,7,7,7,7,6,6,7,7,7,7,7,7,7,7,7,7,5,5,4,5,1
593,100,484,67,2,0,3,6,2,NA,5,6,5,2,2,2,6,6,3,6,6,6,2,3,5,6,5,4,6,4,5,6,3,3,6,5,5,6,6,6,5,6,6,6,6,6,6,6,6,7,6,7,6,7,6,6,6,7,7,4,3,3,3,4
594,100,875,54,1,0,2,5,1,NA,4,4,2,2,2,2,2,2,2,2,1,5,2,5,1,6,6,6,6,4,4,2,2,2,4,2,2,7,7,7,7,7,7,7,7,7,7,7,4,6,7,6,7,6,7,7,7,7,7,5,5,5,2,1
595,100,999,35,1,5,2,6,1,NA,2,5,1,2,2,1,3,2,4,5,1,3,2,2,1,3,2,5,5,3,2,3,2,5,5,4,2,6,6,6,6,6,6,6,5,6,6,7,5,7,6,7,6,7,6,6,7,7,7,5,5,5,5,3
596,100,615,41,2,0,2,5,2,NA,2,7,4,5,5,1,1,1,1,7,1,6,1,7,4,6,6,6,6,6,7,3,7,7,3,7,3,5,5,5,5,5,4,7,5,5,7,7,7,7,6,6,6,7,6,6,6,7,6,4,4,4,1,2
597,100,687,39,1,0,1,5,5,4,5,3,2,1,2,2,3,2,3,5,1,6,1,5,1,3,6,6,2,5,5,1,5,5,2,5,5,6,6,6,5,6,7,7,4,6,6,6,6,7,6,7,6,7,6,6,7,6,7,5,2,4,4,1
598,100,837,43,1,0,2,5,3,2,3,2,4,2,3,4,3,3,2,5,3,5,3,5,2,5,6,6,5,6,5,5,6,6,6,6,6,6,6,6,6,6,7,5,6,6,7,7,7,7,6,6,6,7,6,6,7,7,7,5,4,5,5,3
599,100,1488,51,1,2,2,5,2,NA,2,4,5,2,2,2,5,5,5,6,4,6,2,2,3,7,6,6,6,6,5,7,5,5,6,5,4,5,5,5,5,5,6,6,5,5,6,6,6,7,6,7,6,7,6,6,6,6,6,4,4,4,4,4
600,100,249048,31,2,0,2,6,5,4,2,4,5,4,4,4,2,2,2,6,4,5,2,4,4,7,5,5,7,5,4,5,4,4,4,4,4,6,6,6,6,7,6,7,6,6,6,7,7,7,6,6,6,6,6,6,7,7,7,4,3,3,3,4
